Timestamp,Date,Time,Type, Pressure,FrontAngle,SideAngle,UpAngle
1459359566.858134,30.03.16,10:39:26.858,Fore,72,105,130,196
1459359566.802172,30.03.16,10:39:26.802,Fore,41,105,130,196
1459359566.526190, 30.03.16,10:39:26.526,Heel, 44,93,130,197
1459359566.469137, 30.03.16,10:39:26.469,Heel, 64,24,171,214
1459359566.408496, 30.03.16,10:39:26.408,Heel, 70,24,171,214
1459359565.841371,30.03.16,10:39:25.841,Fore,100,111,137,203
1459359565.784474,30.03.16,10:39:25.784,Fore,100,111,137,203
1459359565.752796,30.03.16,10:39:25.753,Fore,100,102,137,186
1459359565.476807, 30.03.16,10:39:25.477,Heel, 57,48,180,232
1459359565.398867, 30.03.16,10:39:25.399,Heel, 94,48,180,232
1459359565.366178, 30.03.16,10:39:25.366,Heel, 87,0,101,0
1459359565.332709, 30.03.16,10:39:25.333,Heel, 81,0,101,0
1459359564.790735,30.03.16,10:39:24.791,Fore,100,104,118,193
1459359564.758860,30.03.16,10:39:24.759,Fore,100,104,118,193
1459359564.701309,30.03.16,10:39:24.701,Fore,100,104,128,193
1459359564.640968,30.03.16,10:39:24.641,Fore,46,104,128,193
1459359564.409635, 30.03.16,10:39:24.410,Heel, 56,67,256,217
1459359564.353774, 30.03.16,10:39:24.354,Heel, 100,67,256,217
1459359564.322106, 30.03.16,10:39:24.322,Heel, 100,0,156,30
1459359563.740558,30.03.16,10:39:23.741,Fore,100,107,130,205
1459359563.706116,30.03.16,10:39:23.706,Fore,100,107,130,194
1459359563.650704,30.03.16,10:39:23.651,Fore,100,107,130,194
1459359563.375344, 30.03.16,10:39:23.375,Heel, 55,107,131,194
1459359563.319487, 30.03.16,10:39:23.319,Heel, 100,255,1,255
1459359563.258800, 30.03.16,10:39:23.259,Heel, 71,255,1,255
1459359563.223455, 30.03.16,10:39:23.223,Heel, 39,0,175,225
1459359562.782776,30.03.16,10:39:22.783,Fore,18,107,115,206
1459359562.723648,30.03.16,10:39:22.724,Fore,100,107,115,206
1459359562.691073,30.03.16,10:39:22.691,Fore,100,97,128,185
1459359562.652163,30.03.16,10:39:22.652,Fore,12,97,128,185
1459359562.418352, 30.03.16,10:39:22.418,Heel, 93,0,1,255
1459359562.335957, 30.03.16,10:39:22.336,Heel, 100,0,1,255
1459359562.302013, 30.03.16,10:39:22.302,Heel, 100,0,98,86
1459359561.791281,30.03.16,10:39:21.791,Fore,100,105,121,195
1459359561.754924,30.03.16,10:39:21.755,Fore,100,105,121,195
1459359561.697640,30.03.16,10:39:21.698,Fore,100,94,121,183
1459359561.640945,30.03.16,10:39:21.641,Fore,53,94,121,183
1459359561.404735, 30.03.16,10:39:21.405,Heel, 100,216,256,255
1459359561.372087, 30.03.16,10:39:21.372,Heel, 100,216,256,255
1459359561.289573, 30.03.16,10:39:21.290,Heel, 97,0,178,248
1459359560.857018,30.03.16,10:39:20.857,Fore,100,101,112,197
1459359560.798844,30.03.16,10:39:20.799,Fore,100,101,128,197
1459359560.740714,30.03.16,10:39:20.741,Fore,100,101,128,197
1459359560.705879,30.03.16,10:39:20.706,Fore,84,101,128,190
1459359560.468437, 30.03.16,10:39:20.468,Heel, 85,11,202,253
1459359560.412858, 30.03.16,10:39:20.413,Heel, 100,0,256,128
1459359560.377150, 30.03.16,10:39:20.377,Heel, 100,0,256,128
1459359559.841784,30.03.16,10:39:19.842,Fore,100,98,122,200
1459359559.805041,30.03.16,10:39:19.805,Fore,100,98,128,190
1459359559.748700,30.03.16,10:39:19.749,Fore,100,98,128,190
1459359559.690668,30.03.16,10:39:19.691,Fore,28,98,128,190
1459359559.486402, 30.03.16,10:39:19.486,Heel, 8,53,102,42
1459359559.453232, 30.03.16,10:39:19.453,Heel, 100,53,102,42
1459359559.395152, 30.03.16,10:39:19.395,Heel, 100,0,89,42
1459359558.908255,30.03.16,10:39:18.908,Fore,100,107,147,224
1459359558.848862,30.03.16,10:39:18.849,Fore,100,107,115,197
1459359558.791598,30.03.16,10:39:18.792,Fore,100,107,115,197
1459359558.756437,30.03.16,10:39:18.756,Fore,67,101,122,188
1459359558.518100, 30.03.16,10:39:18.518,Heel, 100,0,148,204
1459359558.434035, 30.03.16,10:39:18.434,Heel, 100,0,55,15
1459359558.401178, 30.03.16,10:39:18.401,Heel, 100,0,55,15
1459359557.890912,30.03.16,10:39:17.891,Fore,100,105,105,200
1459359557.854416,30.03.16,10:39:17.854,Fore,100,105,128,190
1459359557.798907,30.03.16,10:39:17.799,Fore,100,105,128,190
1459359557.544566, 30.03.16,10:39:17.545,Heel, 44,41,1,201
1459359557.539396, 30.03.16,10:39:17.539,Heel, 100,41,1,201
1459359557.474609, 30.03.16,10:39:17.475,Heel, 100,0,154,14
1459359556.955480,30.03.16,10:39:16.955,Fore,100,106,134,204
1459359556.899311,30.03.16,10:39:16.899,Fore,100,106,134,204
1459359556.841889,30.03.16,10:39:16.842,Fore,100,99,126,186
1459359556.800974,30.03.16,10:39:16.801,Fore,47,99,126,186
1459359556.568359, 30.03.16,10:39:16.568,Heel, 100,255,126,226
1459359556.509636, 30.03.16,10:39:16.510,Heel, 100,255,126,226
1459359556.477613, 30.03.16,10:39:16.478,Heel, 100,0,191,226
1459359555.979274,30.03.16,10:39:15.979,Fore,100,106,121,209
1459359555.943200,30.03.16,10:39:15.943,Fore,100,106,137,198
1459359555.893022,30.03.16,10:39:15.893,Fore,100,106,137,198
1459359555.854899,30.03.16,10:39:15.855,Fore,69,97,137,186
1459359555.596283, 30.03.16,10:39:15.596,Heel, 100,13,53,203
1459359555.558299, 30.03.16,10:39:15.558,Heel, 100,0,166,0
1459359555.501178, 30.03.16,10:39:15.501,Heel, 100,0,166,0
1459359555.041959,30.03.16,10:39:15.042,Fore,100,104,121,205
1459359554.983738,30.03.16,10:39:14.984,Fore,100,104,121,205
1459359554.950480,30.03.16,10:39:14.950,Fore,100,104,121,188
1459359554.891579,30.03.16,10:39:14.892,Fore,64,104,121,188
1459359554.628960, 30.03.16,10:39:14.629,Heel, 100,230,256,255
1459359554.622829, 30.03.16,10:39:14.623,Heel, 100,230,256,255
1459359554.556920, 30.03.16,10:39:14.557,Heel, 100,0,187,255
1459359554.086457,30.03.16,10:39:14.086,Fore,100,102,110,200
1459359554.054369,30.03.16,10:39:14.054,Fore,100,102,122,190
1459359553.992156,30.03.16,10:39:13.992,Fore,100,102,122,190
1459359553.931163,30.03.16,10:39:13.931,Fore,100,96,139,183
1459359553.704489, 30.03.16,10:39:13.704,Heel, 2,0,11,222
1459359553.667983, 30.03.16,10:39:13.668,Heel, 100,0,11,222
1459359553.577520, 30.03.16,10:39:13.578,Heel, 100,0,156,24
1459359553.125791,30.03.16,10:39:13.126,Fore,56,119,161,236
1459359553.093135,30.03.16,10:39:13.093,Fore,100,100,119,200
1459359553.032946,30.03.16,10:39:13.033,Fore,100,100,119,200
1459359552.998768,30.03.16,10:39:12.999,Fore,100,100,119,187
1459359552.757948, 30.03.16,10:39:12.758,Heel, 75,100,78,200
1459359552.699891, 30.03.16,10:39:12.700,Heel, 100,255,213,255
1459359552.666626, 30.03.16,10:39:12.667,Heel, 100,255,213,255
1459359552.139042,30.03.16,10:39:12.139,Fore,100,101,114,196
1459359552.098844,30.03.16,10:39:12.099,Fore,100,101,130,196
1459359552.041235,30.03.16,10:39:12.041,Fore,100,101,130,196
1459359551.804241, 30.03.16,10:39:11.804,Heel, 46,0,14,255
1459359551.772435, 30.03.16,10:39:11.772,Heel, 100,0,14,255
1459359551.709805, 30.03.16,10:39:11.710,Heel, 100,0,88,53
1459359551.201132,30.03.16,10:39:11.201,Fore,100,100,120,196
1459359551.171013,30.03.16,10:39:11.171,Fore,100,100,120,196
1459359551.082521,30.03.16,10:39:11.083,Fore,100,100,120,188
1459359550.810126, 30.03.16,10:39:10.810,Heel, 100,0,63,0
1459359550.750778, 30.03.16,10:39:10.751,Heel, 100,0,63,0
1459359550.241044,30.03.16,10:39:10.241,Fore,100,99,115,198
1459359550.182109,30.03.16,10:39:10.182,Fore,100,99,139,186
1459359550.150278,30.03.16,10:39:10.150,Fore,100,99,139,186
1459359549.886676, 30.03.16,10:39:09.887,Heel, 65,0,1,255
1459359549.856397, 30.03.16,10:39:09.856,Heel, 100,0,1,255
1459359549.820705, 30.03.16,10:39:09.821,Heel, 100,0,120,125
1459359549.280918,30.03.16,10:39:09.281,Fore,100,99,110,188
1459359549.226072,30.03.16,10:39:09.226,Fore,100,99,110,188
1459359549.192386,30.03.16,10:39:09.192,Fore,100,99,129,188
1459359548.919829, 30.03.16,10:39:08.920,Heel, 97,255,144,252
1459359548.858842, 30.03.16,10:39:08.859,Heel, 100,255,144,252
1459359548.799374, 30.03.16,10:39:08.799,Heel, 100,0,167,252
1459359548.350061,30.03.16,10:39:08.350,Fore,54,102,128,204
1459359548.291355,30.03.16,10:39:08.291,Fore,100,102,128,196
1459359548.230870,30.03.16,10:39:08.231,Fore,100,102,128,196
1459359548.197140,30.03.16,10:39:08.197,Fore,100,102,139,190
1459359547.933951, 30.03.16,10:39:07.934,Heel, 19,57,1,196
1459359547.902761, 30.03.16,10:39:07.903,Heel, 100,57,1,196
1459359547.869379, 30.03.16,10:39:07.869,Heel, 100,0,171,0
1459359547.331839,30.03.16,10:39:07.332,Fore,100,106,109,201
1459359547.299315,30.03.16,10:39:07.299,Fore,100,106,109,201
1459359547.242394,30.03.16,10:39:07.242,Fore,100,100,129,192
1459359546.969344, 30.03.16,10:39:06.969,Heel, 100,70,32,47
1459359546.909613, 30.03.16,10:39:06.910,Heel, 100,70,32,47
1459359546.849515, 30.03.16,10:39:06.850,Heel, 85,0,93,154
1459359546.397750,30.03.16,10:39:06.398,Fore,98,123,151,226
1459359546.341407,30.03.16,10:39:06.341,Fore,100,102,126,195
1459359546.281550,30.03.16,10:39:06.282,Fore,100,102,126,195
1459359546.250427,30.03.16,10:39:06.250,Fore,83,102,126,187
1459359546.008610, 30.03.16,10:39:06.009,Heel, 90,0,126,243
1459359545.953448, 30.03.16,10:39:05.953,Heel, 100,255,256,190
1459359545.919021, 30.03.16,10:39:05.919,Heel, 100,255,256,190
1459359545.382429,30.03.16,10:39:05.382,Fore,100,100,125,207
1459359545.351252,30.03.16,10:39:05.351,Fore,100,100,131,196
1459359545.291857,30.03.16,10:39:05.292,Fore,100,100,131,196
1459359545.232574,30.03.16,10:39:05.233,Fore,38,100,131,190
1459359545.024391, 30.03.16,10:39:05.024,Heel, 100,59,215,211
1459359544.960398, 30.03.16,10:39:04.960,Heel, 100,1,60,0
1459359544.876012, 30.03.16,10:39:04.876,Heel, 100,1,60,0
1459359544.390663,30.03.16,10:39:04.391,Fore,100,97,118,199
1459359544.333114,30.03.16,10:39:04.333,Fore,100,97,131,192
1459359544.299218,30.03.16,10:39:04.299,Fore,91,97,131,192
1459359543.980766, 30.03.16,10:39:03.981,Heel, 100,72,1,12
1459359543.947275, 30.03.16,10:39:03.947,Heel, 100,0,162,12
1459359543.912336, 30.03.16,10:39:03.912,Heel, 100,0,162,12
1459359543.460845,30.03.16,10:39:03.461,Fore,84,103,115,188
1459359543.375464,30.03.16,10:39:03.375,Fore,100,103,115,188
1459359543.341133,30.03.16,10:39:03.341,Fore,100,96,137,188
1459359543.280257,30.03.16,10:39:03.280,Fore,100,96,137,188
1459359542.988665, 30.03.16,10:39:02.989,Heel, 100,41,1,188
1459359542.954397, 30.03.16,10:39:02.954,Heel, 100,0,135,36
1459359542.919891, 30.03.16,10:39:02.920,Heel, 100,0,135,36
1459359542.441193,30.03.16,10:39:02.441,Fore,67,102,128,201
1459359542.380666,30.03.16,10:39:02.381,Fore,100,102,128,201
1459359542.324137,30.03.16,10:39:02.324,Fore,100,94,128,185
1459359542.291951,30.03.16,10:39:02.292,Fore,100,94,128,185
1459359542.230824,30.03.16,10:39:02.231,Fore,32,94,137,185
1459359541.994590, 30.03.16,10:39:01.995,Heel, 100,87,1,182
1459359541.961024, 30.03.16,10:39:01.961,Heel, 100,87,1,182
1459359541.900573, 30.03.16,10:39:01.901,Heel, 99,0,155,10
1459359541.421887,30.03.16,10:39:01.422,Fore,100,105,126,202
1459359541.360376,30.03.16,10:39:01.360,Fore,100,105,126,202
1459359541.276794,30.03.16,10:39:01.277,Fore,100,98,126,188
1459359541.243845,30.03.16,10:39:01.244,Fore,41,98,126,188
1459359540.979340, 30.03.16,10:39:00.979,Heel, 96,79,1,172
1459359540.944903, 30.03.16,10:39:00.945,Heel, 100,79,1,172
1459359540.911286, 30.03.16,10:39:00.911,Heel, 100,0,163,17
1459359540.398934,30.03.16,10:39:00.399,Fore,100,100,124,198
1459359540.342948,30.03.16,10:39:00.343,Fore,100,100,124,198
1459359540.311367,30.03.16,10:39:00.311,Fore,100,100,124,190
1459359540.221867,30.03.16,10:39:00.222,Fore,100,100,124,190
1459359540.012652, 30.03.16,10:39:00.013,Heel, 13,48,1,219
1459359539.926853, 30.03.16,10:38:59.927,Heel, 100,48,1,219
1459359539.891164, 30.03.16,10:38:59.891,Heel, 100,0,184,73
1459359539.380675,30.03.16,10:38:59.381,Fore,100,109,125,208
1459359539.324876,30.03.16,10:38:59.325,Fore,100,109,125,208
1459359539.292918,30.03.16,10:38:59.293,Fore,100,98,136,191
1459359538.997070, 30.03.16,10:38:58.997,Heel, 100,0,107,255
1459359538.961808, 30.03.16,10:38:58.962,Heel, 100,0,107,255
1459359538.879946, 30.03.16,10:38:58.880,Heel, 100,0,107,66
1459359538.370032,30.03.16,10:38:58.370,Fore,100,109,128,207
1459359538.333393,30.03.16,10:38:58.333,Fore,100,109,128,207
1459359538.271097,30.03.16,10:38:58.271,Fore,100,98,128,187
1459359538.236620,30.03.16,10:38:58.237,Fore,68,98,128,187
1459359537.942245, 30.03.16,10:38:57.942,Heel, 89,0,31,255
1459359537.909254, 30.03.16,10:38:57.909,Heel, 89,0,190,76
1459359537.371609,30.03.16,10:38:57.372,Fore,100,100,122,201
1459359537.324607,30.03.16,10:38:57.325,Fore,100,100,122,201
1459359537.280798,30.03.16,10:38:57.281,Fore,100,100,128,189
1459359537.220360,30.03.16,10:38:57.220,Fore,21,100,128,189
1459359537.007586, 30.03.16,10:38:57.008,Heel, 80,114,1,45
1459359536.925572, 30.03.16,10:38:56.926,Heel, 100,114,1,45
1459359536.891941, 30.03.16,10:38:56.892,Heel, 100,0,60,161
1459359536.380971,30.03.16,10:38:56.381,Fore,100,99,128,188
1459359536.320461,30.03.16,10:38:56.320,Fore,100,99,128,188
1459359536.265506,30.03.16,10:38:56.266,Fore,100,99,128,188
1459359536.231939,30.03.16,10:38:56.232,Fore,52,99,128,188
1459359535.992541, 30.03.16,10:38:55.993,Heel, 100,0,22,234
1459359535.958695, 30.03.16,10:38:55.959,Heel, 100,0,107,124
1459359535.360913,30.03.16,10:38:55.361,Fore,45,100,192,200
1459359535.235281, 30.03.16,10:38:55.235,Heel, 100,54,162,42
1459359534.639667,30.03.16,10:38:54.640,Fore,98,59,47,161
1459359534.581738,30.03.16,10:38:54.582,Fore,100,59,47,161
1459359534.522064,30.03.16,10:38:54.522,Fore,57,0,38,0
1459359533.981964,30.03.16,10:38:53.982,Fore,100,106,116,226
1459359533.925959,30.03.16,10:38:53.926,Fore,100,0,1,155
1459359533.894089,30.03.16,10:38:53.894,Fore,92,0,1,155
1459359533.320824,30.03.16,10:38:53.321,Fore,100,99,169,184
1459359533.267254,30.03.16,10:38:53.267,Fore,100,99,169,184
1459359533.236194,30.03.16,10:38:53.236,Fore,71,0,1,0
1459359532.666037,30.03.16,10:38:52.666,Fore,100,96,127,219
1459359532.632093,30.03.16,10:38:52.632,Fore,100,255,1,112
1459359532.574514,30.03.16,10:38:52.575,Fore,87,255,1,112
1459359532.030875,30.03.16,10:38:52.031,Fore,92,149,117,248
1459359531.972810,30.03.16,10:38:51.973,Fore,100,149,117,248
1459359531.920931,30.03.16,10:38:51.921,Fore,78,0,28,0
1459359531.370833,30.03.16,10:38:51.371,Fore,98,98,117,210
1459359531.318264,30.03.16,10:38:51.318,Fore,100,0,256,0
1459359531.286123,30.03.16,10:38:51.286,Fore,69,0,256,0
1459359530.736367,30.03.16,10:38:50.736,Fore,94,114,256,198
1459359530.681341,30.03.16,10:38:50.681,Fore,100,114,256,198
1459359530.622244,30.03.16,10:38:50.622,Fore,5,0,79,8
1459359530.083271,30.03.16,10:38:50.083,Fore,78,109,173,220
1459359530.020358,30.03.16,10:38:50.020,Fore,100,109,173,220
1459359529.970434,30.03.16,10:38:49.970,Fore,53,0,256,255
1459359529.420629,30.03.16,10:38:49.421,Fore,94,128,130,246
1459359529.365256,30.03.16,10:38:49.365,Fore,100,63,1,168
1459359529.334402,30.03.16,10:38:49.334,Fore,82,63,1,168
1459359528.788893,30.03.16,10:38:48.789,Fore,100,111,31,203
1459359528.730751,30.03.16,10:38:48.731,Fore,100,111,31,203
1459359528.676732,30.03.16,10:38:48.677,Fore,89,0,57,0
1459359528.131399,30.03.16,10:38:48.131,Fore,99,124,148,245
1459359528.076888,30.03.16,10:38:48.077,Fore,100,25,1,36
1459359528.017218,30.03.16,10:38:48.017,Fore,90,25,1,36
1459359527.470349,30.03.16,10:38:47.470,Fore,100,104,70,0
1459359527.416558,30.03.16,10:38:47.417,Fore,100,104,70,0
1459359527.380976,30.03.16,10:38:47.381,Fore,81,0,22,0
1459359526.817632,30.03.16,10:38:46.818,Fore,94,104,70,157
1459359526.785033,30.03.16,10:38:46.785,Fore,100,0,256,157
1459359526.720261,30.03.16,10:38:46.720,Fore,39,0,256,157
1459359526.180890,30.03.16,10:38:46.181,Fore,100,168,1,203
1459359526.134265,30.03.16,10:38:46.134,Fore,100,168,1,203
1459359525.519996,30.03.16,10:38:45.520,Fore,100,111,96,219
1459359525.468262,30.03.16,10:38:45.468,Fore,100,0,54,0
1459359525.433427,30.03.16,10:38:45.433,Fore,15,0,54,0
1459359524.864932,30.03.16,10:38:44.865,Fore,100,0,1,255
1459359524.832932,30.03.16,10:38:44.833,Fore,100,0,1,255
1459359524.262763,30.03.16,10:38:44.263,Fore,100,77,46,165
1459359524.169760,30.03.16,10:38:44.170,Fore,100,77,46,165
1459359524.132153,30.03.16,10:38:44.132,Fore,14,0,35,0
1459359523.570573,30.03.16,10:38:43.571,Fore,100,118,109,234
1459359523.521269,30.03.16,10:38:43.521,Fore,100,0,256,255
1459359522.971351,30.03.16,10:38:42.971,Fore,66,127,94,230
1459359522.911960,30.03.16,10:38:42.912,Fore,100,95,1,170
1459359522.857535,30.03.16,10:38:42.858,Fore,97,95,1,170
1459359522.315753,30.03.16,10:38:42.316,Fore,90,69,60,173
1459359522.282133,30.03.16,10:38:42.282,Fore,100,69,60,173
1459359522.220634,30.03.16,10:38:42.221,Fore,87,0,33,0
1459359521.655046,30.03.16,10:38:41.655,Fore,100,114,152,251
1459359521.651005,30.03.16,10:38:41.651,Fore,100,255,1,251
1459359521.589878,30.03.16,10:38:41.590,Fore,65,255,1,251
1459359521.020838,30.03.16,10:38:41.021,Fore,93,27,241,175
1459359520.964596,30.03.16,10:38:40.965,Fore,100,27,241,175
1459359520.906117,30.03.16,10:38:40.906,Fore,46,0,16,2
1459359520.366645,30.03.16,10:38:40.367,Fore,100,90,101,199
1459359520.310270,30.03.16,10:38:40.310,Fore,100,0,256,128
1459359520.276511,30.03.16,10:38:40.277,Fore,64,0,256,128
1459359519.727792,30.03.16,10:38:39.728,Fore,84,143,1,253
1459359519.670326,30.03.16,10:38:39.670,Fore,100,143,1,253
1459359519.613690,30.03.16,10:38:39.614,Fore,57,0,44,0
1459359519.070017,30.03.16,10:38:39.070,Fore,99,104,152,221
1459359519.010788,30.03.16,10:38:39.011,Fore,100,0,256,0
1459359518.955433,30.03.16,10:38:38.955,Fore,70,0,256,0
1459359518.411823,30.03.16,10:38:38.412,Fore,94,126,86,230
1459359518.352893,30.03.16,10:38:38.353,Fore,100,79,1,180
1459359518.323905,30.03.16,10:38:38.324,Fore,87,79,1,180
1459359517.776937,30.03.16,10:38:37.777,Fore,100,107,59,212
1459359517.719820,30.03.16,10:38:37.720,Fore,100,107,59,212
1459359517.662440,30.03.16,10:38:37.662,Fore,34,0,44,0
1459359517.119912,30.03.16,10:38:37.120,Fore,100,104,103,218
1459359517.063858,30.03.16,10:38:37.064,Fore,100,0,256,125
1459359517.031553,30.03.16,10:38:37.032,Fore,18,0,256,125
1459359516.460296,30.03.16,10:38:36.460,Fore,100,132,113,242
1459359516.428275,30.03.16,10:38:36.428,Fore,100,132,113,242
1459359515.859759,30.03.16,10:38:35.860,Fore,60,107,164,216
1459359515.828168,30.03.16,10:38:35.828,Fore,100,107,164,216
1459359515.771335,30.03.16,10:38:35.771,Fore,100,0,36,0
1459359515.228258,30.03.16,10:38:35.228,Fore,87,112,141,234
1459359515.171136,30.03.16,10:38:35.171,Fore,100,255,1,0
1459359515.113178,30.03.16,10:38:35.113,Fore,100,255,1,0
1459359514.570764,30.03.16,10:38:34.571,Fore,25,112,109,214
1459359514.509907,30.03.16,10:38:34.510,Fore,100,112,109,214
1459359514.479068,30.03.16,10:38:34.479,Fore,100,0,62,0
1459359513.911700,30.03.16,10:38:33.912,Fore,85,117,153,238
1459359513.880277,30.03.16,10:38:33.880,Fore,100,0,1,0
1459359513.820611,30.03.16,10:38:33.821,Fore,100,0,1,0
1459359513.278660,30.03.16,10:38:33.279,Fore,95,83,52,169
1459359513.221276,30.03.16,10:38:33.221,Fore,100,83,52,169
1459359513.161334,30.03.16,10:38:33.161,Fore,100,0,69,0
1459359512.559686,30.03.16,10:38:32.560,Fore,100,111,72,216
1459359512.527514,30.03.16,10:38:32.528,Fore,100,255,1,254
1459359511.959882,30.03.16,10:38:31.960,Fore,87,127,99,233
1459359511.928383,30.03.16,10:38:31.928,Fore,100,149,1,175
1459359511.870690,30.03.16,10:38:31.871,Fore,83,149,1,175
1459359511.309064,30.03.16,10:38:31.309,Fore,95,80,52,181
1459359511.276229,30.03.16,10:38:31.276,Fore,100,80,52,181
1459359511.211196,30.03.16,10:38:31.211,Fore,65,0,11,0
1459359510.671427,30.03.16,10:38:30.671,Fore,88,101,99,221
1459359510.615210,30.03.16,10:38:30.615,Fore,100,255,1,59
1459359510.581694,30.03.16,10:38:30.582,Fore,54,255,1,59
1459359510.009593,30.03.16,10:38:30.010,Fore,100,100,179,0
1459359509.978128,30.03.16,10:38:29.978,Fore,100,100,179,0
1459359509.921773,30.03.16,10:38:29.922,Fore,53,0,19,0
1459359509.382145,30.03.16,10:38:29.382,Fore,100,110,152,255
1459359509.350908,30.03.16,10:38:29.351,Fore,100,0,256,255
1459359509.266603,30.03.16,10:38:29.267,Fore,24,0,256,255
1459359508.721735,30.03.16,10:38:28.722,Fore,84,133,220,253
1459359508.659883,30.03.16,10:38:28.660,Fore,100,133,220,253
1459359508.608159,30.03.16,10:38:28.608,Fore,78,0,150,96
1459359508.059551,30.03.16,10:38:28.060,Fore,100,98,123,206
1459359508.008296,30.03.16,10:38:28.008,Fore,100,0,256,251
1459359507.974860,30.03.16,10:38:27.975,Fore,12,0,256,251
1459359507.425560,30.03.16,10:38:27.426,Fore,98,171,137,255
1459359507.394035,30.03.16,10:38:27.394,Fore,100,171,137,255
1459359507.340331,30.03.16,10:38:27.340,Fore,94,0,57,205
1459359506.743800,30.03.16,10:38:26.744,Fore,94,101,138,205
1459359506.710437,30.03.16,10:38:26.710,Fore,100,101,138,205
1459359506.653051,30.03.16,10:38:26.653,Fore,92,234,138,0
1459359506.109688,30.03.16,10:38:26.110,Fore,95,122,126,237
1459359506.055873,30.03.16,10:38:26.056,Fore,100,160,1,178
1459359505.994328,30.03.16,10:38:25.994,Fore,84,160,1,178
1459359505.451266,30.03.16,10:38:25.451,Fore,75,98,131,200
1459359505.395031,30.03.16,10:38:25.395,Fore,100,98,131,200
1459359505.365926,30.03.16,10:38:25.366,Fore,97,0,256,0
1459359504.794814,30.03.16,10:38:24.795,Fore,62,131,114,237
1459359504.760539,30.03.16,10:38:24.761,Fore,100,141,241,225
1459359504.703837,30.03.16,10:38:24.704,Fore,100,141,241,225
1459359504.220141,30.03.16,10:38:24.220,Fore,11,101,75,195
1459359504.142185,30.03.16,10:38:24.142,Fore,100,101,75,195
1459359504.055886,30.03.16,10:38:24.056,Fore,100,0,256,255
1459359504.013850,30.03.16,10:38:24.014,Fore,34,0,256,255
1459359503.465634,30.03.16,10:38:23.466,Fore,100,127,137,193
1459359503.409952,30.03.16,10:38:23.410,Fore,100,127,137,193
1459359502.817258,30.03.16,10:38:22.817,Fore,63,104,147,231
1459359502.754749,30.03.16,10:38:22.755,Fore,100,0,1,255
1459359502.691895,30.03.16,10:38:22.692,Fore,74,0,1,255
1459359502.166250,30.03.16,10:38:22.166,Fore,66,92,72,188
1459359502.094308,30.03.16,10:38:22.094,Fore,100,92,72,188
1459359502.061436,30.03.16,10:38:22.061,Fore,100,0,66,0
1459359501.534594,30.03.16,10:38:21.535,Fore,69,128,77,210
1459359501.435062,30.03.16,10:38:21.435,Fore,100,128,77,210
1459359501.338584,30.03.16,10:38:21.339,Fore,28,0,54,0
1459359500.815610,30.03.16,10:38:20.816,Fore,50,114,106,218
1459359500.738344,30.03.16,10:38:20.738,Fore,100,114,106,218
1459359500.711062,30.03.16,10:38:20.711,Fore,77,0,256,125
1459359500.138377,30.03.16,10:38:20.138,Fore,21,135,114,218
1459359500.108444,30.03.16,10:38:20.108,Fore,100,105,122,192
1459359500.096978,30.03.16,10:38:20.097,Fore,100,105,122,192
1459359499.448919,30.03.16,10:38:19.449,Fore,100,98,113,214
1459359499.389561,30.03.16,10:38:19.390,Fore,100,255,1,255
1459359498.789131,30.03.16,10:38:18.789,Fore,47,107,173,206
1459359498.759202,30.03.16,10:38:18.759,Fore,100,107,173,206
1459359498.699283,30.03.16,10:38:18.699,Fore,61,0,37,0
1459359498.158283,30.03.16,10:38:18.158,Fore,63,122,154,240
1459359498.129229,30.03.16,10:38:18.129,Fore,100,0,1,37
1459359498.039023,30.03.16,10:38:18.039,Fore,60,0,1,37
1459359497.530444,30.03.16,10:38:17.530,Fore,50,92,161,0
1459359497.439060,30.03.16,10:38:17.439,Fore,100,92,161,0
1459359496.840511,30.03.16,10:38:16.841,Fore,40,108,140,229
1459359496.809433,30.03.16,10:38:16.809,Fore,100,211,132,163
1459359496.748280,30.03.16,10:38:16.748,Fore,83,211,132,163
1459359496.148425,30.03.16,10:38:16.148,Fore,100,111,158,221
1459359496.089091,30.03.16,10:38:16.089,Fore,100,0,256,255
1459359495.489694,30.03.16,10:38:15.490,Fore,64,80,256,228
1459359495.459003,30.03.16,10:38:15.459,Fore,100,80,256,228
1459359495.400348,30.03.16,10:38:15.400,Fore,79,0,67,216
1459359494.859932,30.03.16,10:38:14.860,Fore,14,109,120,224
1459359494.798957,30.03.16,10:38:14.799,Fore,100,109,120,224
1459359494.740912,30.03.16,10:38:14.741,Fore,99,0,1,255
1459359494.138395,30.03.16,10:38:14.138,Fore,100,112,47,206
1459359494.108592,30.03.16,10:38:14.109,Fore,100,112,47,206
1459359494.051690,30.03.16,10:38:14.052,Fore,20,0,65,0
1459359493.509177,30.03.16,10:38:13.509,Fore,89,127,96,235
1459359493.450409,30.03.16,10:38:13.450,Fore,100,170,1,0
1459359493.389464,30.03.16,10:38:13.389,Fore,97,170,1,0
1459359492.849165,30.03.16,10:38:12.849,Fore,78,100,171,255
1459359492.788761,30.03.16,10:38:12.789,Fore,100,100,171,255
1459359492.760062,30.03.16,10:38:12.760,Fore,100,0,256,255
1459359492.187797,30.03.16,10:38:12.188,Fore,100,112,210,226
1459359492.098304,30.03.16,10:38:12.098,Fore,100,112,210,226
1459359491.499873,30.03.16,10:38:11.500,Fore,100,111,88,227
1459359491.440503,30.03.16,10:38:11.441,Fore,100,255,1,245
1459359491.378726,30.03.16,10:38:11.379,Fore,87,255,1,245
1459359490.841346,30.03.16,10:38:10.841,Fore,84,98,44,194
1459359490.784885,30.03.16,10:38:10.785,Fore,100,98,44,194
1459359490.779247,30.03.16,10:38:10.779,Fore,100,4,44,0
1459359490.148375,30.03.16,10:38:10.148,Fore,100,132,217,190
1459359490.088200,30.03.16,10:38:10.088,Fore,100,132,217,190
1459359490.041319,30.03.16,10:38:10.041,Fore,66,0,40,0
1459359489.488733,30.03.16,10:38:09.489,Fore,86,93,152,203
1459359489.428768,30.03.16,10:38:09.429,Fore,100,0,256,255
1459359489.398852,30.03.16,10:38:09.399,Fore,68,0,256,255
1459359488.828568,30.03.16,10:38:08.829,Fore,42,123,137,207
1459359488.799526,30.03.16,10:38:08.800,Fore,100,74,86,166
1459359488.738800,30.03.16,10:38:08.739,Fore,100,74,86,166
1459359488.138130,30.03.16,10:38:08.138,Fore,100,127,158,239
1459359488.078269,30.03.16,10:38:08.078,Fore,100,91,256,255
1459359488.051028,30.03.16,10:38:08.051,Fore,62,91,256,255
1459359487.478158,30.03.16,10:38:07.478,Fore,85,99,127,207
1459359487.449555,30.03.16,10:38:07.450,Fore,100,99,127,207
1459359487.393736,30.03.16,10:38:07.394,Fore,94,13,54,0
1459359486.848352,30.03.16,10:38:06.848,Fore,53,126,95,227
1459359486.789353,30.03.16,10:38:06.789,Fore,100,126,170,235
1459359486.741211,30.03.16,10:38:06.741,Fore,100,126,170,235
1459359486.127987,30.03.16,10:38:06.128,Fore,74,104,114,221
1459359486.098063,30.03.16,10:38:06.098,Fore,100,0,1,255
1459359486.044170,30.03.16,10:38:06.044,Fore,69,0,1,255
1459359485.505244,30.03.16,10:38:05.505,Fore,54,102,137,210
1459359485.438618,30.03.16,10:38:05.439,Fore,100,102,137,210
1459359485.382112,30.03.16,10:38:05.382,Fore,95,0,170,0
1459359484.778831,30.03.16,10:38:04.779,Fore,91,148,162,214
1459359484.751204,30.03.16,10:38:04.751,Fore,100,148,162,214
1459359484.147971,30.03.16,10:38:04.148,Fore,69,111,136,217
1459359484.088316,30.03.16,10:38:04.088,Fore,100,255,1,123
1459359484.040550,30.03.16,10:38:04.041,Fore,86,255,1,123
1459359483.428136,30.03.16,10:38:03.428,Fore,98,100,7,194
1459359483.397939,30.03.16,10:38:03.398,Fore,100,100,7,194
1459359482.798619,30.03.16,10:38:02.799,Fore,12,132,118,233
1459359482.740939,30.03.16,10:38:02.741,Fore,100,120,129,205
1459359482.679198,30.03.16,10:38:02.679,Fore,60,120,129,205
1459359482.080620,30.03.16,10:38:02.081,Fore,99,106,110,225
1459359482.051088,30.03.16,10:38:02.051,Fore,100,0,1,128
1459359481.449029,30.03.16,10:38:01.449,Fore,71,110,161,213
1459359481.389225,30.03.16,10:38:01.389,Fore,100,110,161,213
1459359481.330389,30.03.16,10:38:01.330,Fore,88,0,60,0
1459359480.789449,30.03.16,10:38:00.789,Fore,11,136,117,225
1459359480.730743,30.03.16,10:38:00.731,Fore,100,61,182,165
1459359480.698918,30.03.16,10:38:00.699,Fore,100,61,182,165
1459359480.128221,30.03.16,10:38:00.128,Fore,81,103,117,219
1459359480.042925,30.03.16,10:38:00.043,Fore,100,0,1,0
1459359479.978653,30.03.16,10:37:59.979,Fore,80,0,1,0
1459359479.439259,30.03.16,10:37:59.439,Fore,63,94,148,200
1459359479.378763,30.03.16,10:37:59.379,Fore,100,94,148,200
1459359479.349874,30.03.16,10:37:59.350,Fore,100,52,133,0
1459359478.749216,30.03.16,10:37:58.749,Fore,2,93,129,198
1459359478.688786,30.03.16,10:37:58.689,Fore,100,93,129,198
1459359478.659345,30.03.16,10:37:58.659,Fore,100,133,98,0
1459359478.599411,30.03.16,10:37:58.599,Fore,11,133,98,0
1459359478.034674,30.03.16,10:37:58.035,Fore,52,112,64,207
1459359477.998132,30.03.16,10:37:57.998,Fore,100,112,64,207
1459359477.938338,30.03.16,10:37:57.938,Fore,92,0,64,0
1459359477.338818,30.03.16,10:37:57.339,Fore,67,121,113,216
1459359477.279296,30.03.16,10:37:57.279,Fore,100,102,92,196
1459359477.248652,30.03.16,10:37:57.249,Fore,100,102,92,196
1459359476.648504,30.03.16,10:37:56.649,Fore,78,121,113,219
1459359476.589415,30.03.16,10:37:56.589,Fore,100,107,164,189
1459359476.530887,30.03.16,10:37:56.531,Fore,100,107,164,189
1459359475.958389,30.03.16,10:37:55.958,Fore,24,118,83,199
1459359475.899596,30.03.16,10:37:55.900,Fore,100,60,227,199
1459359475.838638,30.03.16,10:37:55.839,Fore,55,60,227,199
1459359475.238326,30.03.16,10:37:55.238,Fore,95,108,132,232
1459359475.178566,30.03.16,10:37:55.179,Fore,100,0,256,255
1459359475.148289,30.03.16,10:37:55.148,Fore,85,0,256,255
1459359474.549500,30.03.16,10:37:54.550,Fore,100,89,112,194
1459359474.489994,30.03.16,10:37:54.490,Fore,100,0,256,139
1459359474.428577,30.03.16,10:37:54.429,Fore,22,0,256,139
1459359473.890848,30.03.16,10:37:53.891,Fore,58,92,67,197
1459359473.828353,30.03.16,10:37:53.828,Fore,100,92,67,197
1459359473.800267,30.03.16,10:37:53.800,Fore,100,0,67,0
1459359473.342194,30.03.16,10:37:53.342,Fore,93,77,62,173
1459359473.337050,30.03.16,10:37:53.337,Fore,100,77,62,173
1459359473.331763,30.03.16,10:37:53.332,Fore,84,0,79,0
1459359473.290859,30.03.16,10:37:53.291,Fore,83,75,50,169
1459359473.285146,30.03.16,10:37:53.285,Fore,100,75,50,169
1459359473.280305,30.03.16,10:37:53.280,Fore,89,0,99,0
1459359471.787988,30.03.16,10:37:51.788,Fore,72,103,111,198
1459359471.727706,30.03.16,10:37:51.728,Fore,100,103,111,205
1459359471.698283,30.03.16,10:37:51.698,Fore,100,103,111,205
1459359471.104870,30.03.16,10:37:51.105,Fore,62,107,124,196
1459359471.039734,30.03.16,10:37:51.040,Fore,99,107,101,0
1459359470.985673,30.03.16,10:37:50.986,Fore,98,107,101,0
1459359470.405747,30.03.16,10:37:50.406,Fore,6,113,126,210
1459359470.347351,30.03.16,10:37:50.347,Fore,100,121,102,220
1459359470.288814,30.03.16,10:37:50.289,Fore,100,121,102,220
1459359470.257882,30.03.16,10:37:50.258,Fore,36,0,81,0
1459359469.689066,30.03.16,10:37:49.689,Fore,35,118,90,224
1459359469.657097,30.03.16,10:37:49.657,Fore,100,118,103,215
1459359469.600872,30.03.16,10:37:49.601,Fore,83,118,103,215
1459359468.939434,30.03.16,10:37:48.939,Fore,100,125,1,199
1459359468.906824,30.03.16,10:37:48.907,Fore,58,125,1,199
1459359468.302056,30.03.16,10:37:48.302,Fore,56,115,124,215
1459359468.244444,30.03.16,10:37:48.244,Fore,92,80,78,176
1459359468.189556,30.03.16,10:37:48.190,Fore,100,80,78,176
1459359467.529787,30.03.16,10:37:47.530,Fore,30,95,134,190
1459359467.496188,30.03.16,10:37:47.496,Fore,98,95,134,190
1459359467.439475,30.03.16,10:37:47.439,Fore,82,128,256,255
1459359466.779291,30.03.16,10:37:46.779,Fore,21,102,132,200
1459359466.744403,30.03.16,10:37:46.744,Fore,98,95,142,189
1459359466.688918,30.03.16,10:37:46.689,Fore,100,95,142,189
1459359466.629863,30.03.16,10:37:46.630,Fore,64,255,1,247
1459359465.844543,30.03.16,10:37:45.845,Fore,98,93,133,194
1459359465.789457,30.03.16,10:37:45.789,Fore,93,93,133,183
1459359465.729466,30.03.16,10:37:45.729,Fore,69,93,133,183
1459359465.692419,30.03.16,10:37:45.692,Fore,32,93,133,183
1459359465.638875,30.03.16,10:37:45.639,Fore,6,93,133,183
1459359464.945339,30.03.16,10:37:44.945,Fore,16,82,121,165
1459359464.792760,30.03.16,10:37:44.793,Fore,55,94,135,187
1459359464.739514,30.03.16,10:37:44.740,Fore,89,94,135,187
1459359464.687109,30.03.16,10:37:44.687,Fore,69,0,256,224
1459359464.023726,30.03.16,10:37:44.024,Fore,75,112,109,207
1459359463.990048,30.03.16,10:37:43.990,Fore,100,86,89,182
1459359463.935024,30.03.16,10:37:43.935,Fore,100,86,89,182
1459359463.297003,30.03.16,10:37:43.297,Fore,76,95,121,185
1459359463.239274,30.03.16,10:37:43.239,Fore,100,95,121,185
1459359463.201754,30.03.16,10:37:43.202,Fore,89,86,91,167
1459359462.543201,30.03.16,10:37:42.543,Fore,24,87,133,180
1459359462.489162,30.03.16,10:37:42.489,Fore,17,95,133,187
1459359461.589674,30.03.16,10:37:41.590,Fore,52,66,195,189
1459359461.534791,30.03.16,10:37:41.535,Fore,69,66,195,189
1459359460.930716,30.03.16,10:37:40.931,Fore,32,99,131,193
1459359460.873793,30.03.16,10:37:40.874,Fore,88,99,121,193
1459359460.839278,30.03.16,10:37:40.839,Fore,100,99,121,193
1459359460.779516,30.03.16,10:37:40.780,Fore,98,166,141,109
1459359459.978731,30.03.16,10:37:39.979,Fore,85,83,58,219
1459359459.947335,30.03.16,10:37:39.947,Fore,100,83,58,219
1459359459.881155,30.03.16,10:37:39.881,Fore,64,0,133,0
1459359459.244865,30.03.16,10:37:39.245,Fore,22,100,158,202
1459359459.189141,30.03.16,10:37:39.189,Fore,96,100,158,202
1459359459.130220,30.03.16,10:37:39.130,Fore,21,32,1,182
1459359458.530178,30.03.16,10:37:38.530,Fore,96,113,168,0
1459359458.495647,30.03.16,10:37:38.496,Fore,100,113,168,0
1459359458.439706,30.03.16,10:37:38.440,Fore,65,0,256,0
1459359457.891321,30.03.16,10:37:37.891,Fore,27,130,119,250
1459359457.834637,30.03.16,10:37:37.835,Fore,100,112,198,228
1459359457.779390,30.03.16,10:37:37.779,Fore,52,112,198,228
1459359457.179435,30.03.16,10:37:37.179,Fore,91,112,130,229
1459359457.119082,30.03.16,10:37:37.119,Fore,100,0,256,112
1459359456.489526,30.03.16,10:37:36.490,Fore,100,98,99,207
1459359456.429949,30.03.16,10:37:36.430,Fore,100,255,1,128
1459359456.377388,30.03.16,10:37:36.377,Fore,68,255,1,128
1459359455.797164,30.03.16,10:37:35.797,Fore,100,101,110,198
1459359455.739126,30.03.16,10:37:35.739,Fore,100,0,256,0
1459359455.080774,30.03.16,10:37:35.081,Fore,100,100,180,206
1459359455.019801,30.03.16,10:37:35.020,Fore,100,0,256,0
1459359454.420468,30.03.16,10:37:34.420,Fore,67,102,72,195
1459359454.379080,30.03.16,10:37:34.379,Fore,100,102,72,195
1459359454.346708,30.03.16,10:37:34.347,Fore,97,0,72,0
1459359453.731843,30.03.16,10:37:33.732,Fore,74,120,117,227
1459359453.670574,30.03.16,10:37:33.671,Fore,100,97,172,173
1459359453.617683,30.03.16,10:37:33.618,Fore,91,97,172,173
1459359453.038577,30.03.16,10:37:33.039,Fore,62,120,112,228
1459359452.980705,30.03.16,10:37:32.981,Fore,100,78,192,173
1459359452.943750,30.03.16,10:37:32.944,Fore,73,78,192,173
1459359452.344017,30.03.16,10:37:32.344,Fore,69,118,113,223
1459359452.285342,30.03.16,10:37:32.285,Fore,100,80,170,174
1459359452.230095,30.03.16,10:37:32.230,Fore,77,80,170,174
1459359451.630137,30.03.16,10:37:31.630,Fore,76,105,102,208
1459359451.569970,30.03.16,10:37:31.570,Fore,100,72,179,170
1459359451.514938,30.03.16,10:37:31.515,Fore,93,72,179,170
1459359450.880248,30.03.16,10:37:30.880,Fore,27,97,136,202
1459359450.821142,30.03.16,10:37:30.821,Fore,100,97,136,202
1459359450.765693,30.03.16,10:37:30.766,Fore,75,0,256,50
1459359450.186499,30.03.16,10:37:30.186,Fore,5,79,161,196
1459359450.130264,30.03.16,10:37:30.130,Fore,100,79,161,196
1459359450.071178,30.03.16,10:37:30.071,Fore,100,0,256,46
1459359450.038411,30.03.16,10:37:30.038,Fore,45,0,256,46
1459359449.470658,30.03.16,10:37:29.471,Fore,51,118,167,221
1459359449.435414,30.03.16,10:37:29.435,Fore,100,118,167,221
1459359449.380285,30.03.16,10:37:29.380,Fore,100,17,92,0
1459359448.780361,30.03.16,10:37:28.780,Fore,91,102,75,183
1459359448.720627,30.03.16,10:37:28.721,Fore,100,102,75,183
1459359448.665318,30.03.16,10:37:28.665,Fore,100,0,75,0
1459359448.126265,30.03.16,10:37:28.126,Fore,6,125,128,245
1459359448.065426,30.03.16,10:37:28.065,Fore,100,185,1,136
1459359448.031608,30.03.16,10:37:28.032,Fore,100,185,1,136
1459359447.971225,30.03.16,10:37:27.971,Fore,78,0,9,136
1459359447.431021,30.03.16,10:37:27.431,Fore,74,98,87,206
1459359447.370277,30.03.16,10:37:27.370,Fore,100,98,87,206
1459359447.314896,30.03.16,10:37:27.315,Fore,100,0,1,255
1459359447.280399,30.03.16,10:37:27.280,Fore,58,0,1,255
1459359446.736388,30.03.16,10:37:26.736,Fore,59,107,81,217
1459359446.680404,30.03.16,10:37:26.680,Fore,100,107,81,217
1459359446.621331,30.03.16,10:37:26.621,Fore,100,255,1,203
1459359446.587759,30.03.16,10:37:26.588,Fore,80,255,1,203
1459359446.020452,30.03.16,10:37:26.020,Fore,100,98,139,209
1459359445.987113,30.03.16,10:37:25.987,Fore,100,98,139,209
1459359445.929989,30.03.16,10:37:25.930,Fore,100,108,256,65
1459359445.330752,30.03.16,10:37:25.331,Fore,100,65,33,156
1459359445.275268,30.03.16,10:37:25.275,Fore,100,65,33,156
1459359445.216065,30.03.16,10:37:25.216,Fore,88,0,77,0
1459359444.670163,30.03.16,10:37:24.670,Fore,30,115,99,225
1459359444.637925,30.03.16,10:37:24.638,Fore,100,93,212,239
1459359444.579676,30.03.16,10:37:24.580,Fore,100,93,212,239
1459359444.521887,30.03.16,10:37:24.522,Fore,64,0,41,197
1459359443.980118,30.03.16,10:37:23.980,Fore,95,108,145,231
1459359443.920969,30.03.16,10:37:23.921,Fore,100,0,256,255
1459359443.866550,30.03.16,10:37:23.867,Fore,100,0,256,255
1459359443.284957,30.03.16,10:37:23.285,Fore,100,96,95,255
1459359443.230746,30.03.16,10:37:23.231,Fore,100,0,256,255
1459359443.173437,30.03.16,10:37:23.173,Fore,90,0,256,255
1459359442.570367,30.03.16,10:37:22.570,Fore,100,115,153,216
1459359442.511407,30.03.16,10:37:22.511,Fore,100,0,93,0
1459359442.480999,30.03.16,10:37:22.481,Fore,21,0,93,0
1459359441.936636,30.03.16,10:37:21.937,Fore,92,130,105,185
1459359441.880431,30.03.16,10:37:21.880,Fore,100,105,164,185
1459359441.820465,30.03.16,10:37:21.820,Fore,100,105,164,185
1459359441.220780,30.03.16,10:37:21.221,Fore,100,124,130,244
1459359441.166496,30.03.16,10:37:21.166,Fore,100,255,1,160
1459359441.109287,30.03.16,10:37:21.109,Fore,100,255,1,160
1459359440.560423,30.03.16,10:37:20.560,Fore,86,91,105,198
1459359440.529584,30.03.16,10:37:20.530,Fore,100,91,105,198
1459359440.470905,30.03.16,10:37:20.471,Fore,100,255,1,122
1459359440.433444,30.03.16,10:37:20.433,Fore,19,255,1,122
1459359439.870767,30.03.16,10:37:19.871,Fore,100,104,161,215
1459359439.812826,30.03.16,10:37:19.813,Fore,100,104,161,215
1459359439.777967,30.03.16,10:37:19.778,Fore,100,0,256,255
1459359439.179913,30.03.16,10:37:19.180,Fore,100,82,24,174
1459359439.120232,30.03.16,10:37:19.120,Fore,100,82,24,174
1459359439.079453,30.03.16,10:37:19.079,Fore,68,0,59,0
1459359438.520613,30.03.16,10:37:18.521,Fore,49,123,109,227
1459359438.485207,30.03.16,10:37:18.485,Fore,100,123,179,227
1459359438.430953,30.03.16,10:37:18.431,Fore,100,123,179,227
1459359437.827643,30.03.16,10:37:17.828,Fore,84,111,130,231
1459359437.772133,30.03.16,10:37:17.772,Fore,100,20,256,255
1459359437.710214,30.03.16,10:37:17.710,Fore,86,20,256,255
1459359437.113753,30.03.16,10:37:17.114,Fore,100,105,162,211
1459359437.081960,30.03.16,10:37:17.082,Fore,100,0,256,0
1459359436.455058,30.03.16,10:37:16.455,Fore,100,51,225,182
1459359436.422317,30.03.16,10:37:16.422,Fore,100,51,225,182
1459359436.360635,30.03.16,10:37:16.361,Fore,96,0,59,0
1459359435.821569,30.03.16,10:37:15.822,Fore,25,107,147,227
1459359435.760185,30.03.16,10:37:15.760,Fore,100,107,147,227
1459359435.706267,30.03.16,10:37:15.706,Fore,100,242,256,255
1459359435.671058,30.03.16,10:37:15.671,Fore,27,242,256,255
1459359435.129856,30.03.16,10:37:15.130,Fore,69,96,103,196
1459359435.069681,30.03.16,10:37:15.070,Fore,100,96,103,196
1459359435.010076,30.03.16,10:37:15.010,Fore,95,255,5,70
1459359434.472224,30.03.16,10:37:14.472,Fore,13,114,155,255
1459359434.410429,30.03.16,10:37:14.410,Fore,85,105,163,255
1459359434.354915,30.03.16,10:37:14.355,Fore,100,105,163,255
1459359434.323622,30.03.16,10:37:14.324,Fore,56,0,256,255
1459359433.720414,30.03.16,10:37:13.720,Fore,66,103,80,198
1459359433.660146,30.03.16,10:37:13.660,Fore,100,103,80,198
1459359433.607777,30.03.16,10:37:13.608,Fore,28,16,62,0
1459359433.029231,30.03.16,10:37:13.029,Fore,97,98,76,197
1459359432.969899,30.03.16,10:37:12.970,Fore,100,98,76,197
1459359432.910896,30.03.16,10:37:12.911,Fore,93,0,76,0
1459359432.309792,30.03.16,10:37:12.310,Fore,100,117,184,0
1459359432.254488,30.03.16,10:37:12.254,Fore,100,117,184,0
1459359432.221020,30.03.16,10:37:12.221,Fore,24,0,58,0
1459359431.677428,30.03.16,10:37:11.677,Fore,70,99,165,0
1459359431.620282,30.03.16,10:37:11.620,Fore,100,255,1,0
1459359431.567353,30.03.16,10:37:11.567,Fore,100,255,1,0
1459359430.962901,30.03.16,10:37:10.963,Fore,67,96,65,190
1459359430.929855,30.03.16,10:37:10.930,Fore,100,0,204,158
1459359430.871249,30.03.16,10:37:10.871,Fore,90,0,204,158
1459359430.307224,30.03.16,10:37:10.307,Fore,25,88,96,189
1459359430.273764,30.03.16,10:37:10.274,Fore,100,88,96,189
1459359430.211071,30.03.16,10:37:10.211,Fore,100,255,1,0
1459359430.157180,30.03.16,10:37:10.157,Fore,91,255,1,0
1459359429.576652,30.03.16,10:37:09.577,Fore,95,103,137,198
1459359429.519552,30.03.16,10:37:09.520,Fore,100,103,137,198
1459359429.459802,30.03.16,10:37:09.460,Fore,52,128,165,64
1459359428.711070,30.03.16,10:37:08.711,Fore,28,94,125,187
1459359428.681473,30.03.16,10:37:08.681,Fore,81,255,212,255
1459359428.055299,30.03.16,10:37:08.055,Fore,59,97,130,191
1459359428.020086,30.03.16,10:37:08.020,Fore,100,97,130,191
1459359427.961144,30.03.16,10:37:07.961,Fore,41,186,1,67
1459359427.329479,30.03.16,10:37:07.329,Fore,65,99,105,165
1459359427.270163,30.03.16,10:37:07.270,Fore,100,57,234,165
1459359427.214726,30.03.16,10:37:07.215,Fore,99,57,234,165
1459359426.560642,30.03.16,10:37:06.561,Fore,100,137,213,244
1459359426.502384,30.03.16,10:37:06.502,Fore,100,137,213,244
1459359426.464903,30.03.16,10:37:06.465,Fore,23,0,21,10
1459359425.895270,30.03.16,10:37:05.895,Fore,100,90,109,186
1459359425.864863,30.03.16,10:37:05.865,Fore,100,0,256,0
1459359425.832461,30.03.16,10:37:05.832,Fore,100,0,256,0
1459359425.261875,30.03.16,10:37:05.262,Fore,88,116,87,210
1459359425.218840,30.03.16,10:37:05.219,Fore,100,116,87,210
1459359425.149962,30.03.16,10:37:05.150,Fore,66,0,11,0
1459359424.618375,30.03.16,10:37:04.618,Fore,67,103,116,219
1459359424.554933,30.03.16,10:37:04.555,Fore,100,255,1,255
1459359424.522969,30.03.16,10:37:04.523,Fore,100,255,1,255
1459359424.491042,30.03.16,10:37:04.491,Fore,3,0,1,255
1459359423.912054,30.03.16,10:37:03.912,Fore,100,66,44,0
1459359423.857803,30.03.16,10:37:03.858,Fore,100,66,44,0
1459359423.822685,30.03.16,10:37:03.823,Fore,22,0,38,0
1459359423.255007,30.03.16,10:37:03.255,Fore,98,114,125,232
1459359423.249954,30.03.16,10:37:03.250,Fore,100,0,61,232
1459359423.191622,30.03.16,10:37:03.192,Fore,74,0,61,232
1459359422.594200,30.03.16,10:37:02.594,Fore,91,90,167,203
1459359422.563046,30.03.16,10:37:02.563,Fore,100,90,167,203
1459359422.508526,30.03.16,10:37:02.509,Fore,97,0,66,0
1459359421.965206,30.03.16,10:37:01.965,Fore,64,125,132,240
1459359421.900565,30.03.16,10:37:01.901,Fore,100,10,1,62
1459359421.850190,30.03.16,10:37:01.850,Fore,97,10,1,62
1459359421.304251,30.03.16,10:37:01.304,Fore,58,106,166,216
1459359421.248351,30.03.16,10:37:01.248,Fore,100,106,166,216
1459359421.211439,30.03.16,10:37:01.211,Fore,100,0,256,229
1459359420.611103,30.03.16,10:37:00.611,Fore,100,89,256,229
1459359420.555978,30.03.16,10:37:00.556,Fore,100,89,256,229
1459359420.498220,30.03.16,10:37:00.498,Fore,79,0,117,39
1459359419.969381,30.03.16,10:36:59.969,Fore,82,111,123,231
1459359419.936102,30.03.16,10:36:59.936,Fore,100,23,1,255
1459359419.866118,30.03.16,10:36:59.866,Fore,100,23,1,255
1459359419.260609,30.03.16,10:36:59.261,Fore,100,113,87,204
1459359419.207828,30.03.16,10:36:59.208,Fore,100,0,64,0
1459359419.146097,30.03.16,10:36:59.146,Fore,13,0,64,0
1459359418.606963,30.03.16,10:36:58.607,Fore,100,128,98,229
1459359418.546448,30.03.16,10:36:58.546,Fore,100,128,1,251
1459359418.510743,30.03.16,10:36:58.511,Fore,88,128,1,251
1459359417.943560,30.03.16,10:36:57.944,Fore,82,105,88,211
1459359417.911727,30.03.16,10:36:57.912,Fore,100,105,88,211
1459359417.850576,30.03.16,10:36:57.851,Fore,100,255,256,139
1459359417.260321,30.03.16,10:36:57.260,Fore,100,95,64,194
1459359417.196999,30.03.16,10:36:57.197,Fore,100,95,64,194
1459359417.161473,30.03.16,10:36:57.161,Fore,91,0,49,0
1459359416.605415,30.03.16,10:36:56.605,Fore,98,123,113,228
1459359416.563586,30.03.16,10:36:56.564,Fore,100,163,1,249
1459359416.531817,30.03.16,10:36:56.532,Fore,100,163,1,249
1459359415.929575,30.03.16,10:36:55.930,Fore,100,99,57,197
1459359415.869736,30.03.16,10:36:55.870,Fore,100,0,256,208
1459359415.814535,30.03.16,10:36:55.815,Fore,71,0,256,208
1459359415.248331,30.03.16,10:36:55.248,Fore,99,74,118,179
1459359415.214133,30.03.16,10:36:55.214,Fore,100,74,118,179
1459359415.161452,30.03.16,10:36:55.161,Fore,100,0,58,0
1459359414.549702,30.03.16,10:36:54.550,Fore,100,181,1,203
1459359414.518458,30.03.16,10:36:54.518,Fore,100,181,1,203
1459359414.460606,30.03.16,10:36:54.461,Fore,60,0,28,0
1459359413.898099,30.03.16,10:36:53.898,Fore,100,101,141,210
1459359413.860666,30.03.16,10:36:53.861,Fore,100,255,256,0
1459359413.800322,30.03.16,10:36:53.800,Fore,97,255,256,0
1459359413.260805,30.03.16,10:36:53.261,Fore,86,61,176,166
1459359413.199216,30.03.16,10:36:53.199,Fore,100,61,176,166
1459359413.166322,30.03.16,10:36:53.166,Fore,100,61,176,166
1459359412.601708,30.03.16,10:36:52.602,Fore,64,109,118,221
1459359412.572552,30.03.16,10:36:52.573,Fore,100,109,118,221
1459359412.510661,30.03.16,10:36:52.511,Fore,100,255,1,0
1459359412.449680,30.03.16,10:36:52.450,Fore,66,255,1,0
1459359411.919611,30.03.16,10:36:51.920,Fore,78,107,134,205
1459359411.849985,30.03.16,10:36:51.850,Fore,100,107,134,205
1459359411.806999,30.03.16,10:36:51.807,Fore,73,0,65,0
1459359411.195216,30.03.16,10:36:51.195,Fore,100,92,174,186
1459359411.160387,30.03.16,10:36:51.160,Fore,100,92,174,186
1459359411.112122,30.03.16,10:36:51.112,Fore,60,0,60,0
1459359410.574886,30.03.16,10:36:50.575,Fore,82,111,133,225
1459359410.519064,30.03.16,10:36:50.519,Fore,100,255,1,255
1459359410.511984,30.03.16,10:36:50.512,Fore,85,255,1,255
1459359410.273009,30.03.16,10:36:50.273,Fore,100,87,135,192
1459359410.255212,30.03.16,10:36:50.255,Fore,100,255,256,255
1459359409.221969,30.03.16,10:36:49.222,Fore,92,111,124,197
1459359409.171124,30.03.16,10:36:49.171,Fore,100,111,124,197
1459359409.126048,30.03.16,10:36:49.126,Fore,100,0,74,0
1459359408.495096,30.03.16,10:36:48.495,Fore,100,255,256,255
1459359408.458842,30.03.16,10:36:48.459,Fore,100,255,256,255
1459359408.400178,30.03.16,10:36:48.400,Fore,37,0,77,45
1459359407.859978,30.03.16,10:36:47.860,Fore,100,100,122,207
1459359407.835993,30.03.16,10:36:47.836,Fore,100,0,256,66
1459359407.809243,30.03.16,10:36:47.809,Fore,64,0,256,66
1459359407.198947,30.03.16,10:36:47.199,Fore,69,129,107,228
1459359407.158619,30.03.16,10:36:47.159,Fore,100,107,117,184
1459359407.138922,30.03.16,10:36:47.139,Fore,100,107,117,184
1459359406.508525,30.03.16,10:36:46.509,Fore,100,129,160,246
1459359406.448853,30.03.16,10:36:46.449,Fore,100,0,1,148
1459359406.392173,30.03.16,10:36:46.392,Fore,87,0,1,148
1459359405.848887,30.03.16,10:36:45.849,Fore,88,106,60,255
1459359405.792709,30.03.16,10:36:45.793,Fore,100,106,60,255
1459359405.758471,30.03.16,10:36:45.758,Fore,100,0,256,255
1459359405.159182,30.03.16,10:36:45.159,Fore,98,110,44,201
1459359405.098430,30.03.16,10:36:45.098,Fore,100,110,44,201
1459359405.046125,30.03.16,10:36:45.046,Fore,95,0,72,0
1459359404.441750,30.03.16,10:36:44.442,Fore,100,71,206,168
1459359404.408628,30.03.16,10:36:44.409,Fore,100,71,206,168
1459359404.348879,30.03.16,10:36:44.349,Fore,48,0,87,0
1459359403.781946,30.03.16,10:36:43.782,Fore,73,115,96,236
1459359403.748806,30.03.16,10:36:43.749,Fore,100,63,234,167
1459359403.701909,30.03.16,10:36:43.702,Fore,100,63,234,167
1459359403.094002,30.03.16,10:36:43.094,Fore,82,114,120,226
1459359403.034863,30.03.16,10:36:43.035,Fore,100,0,1,255
1459359402.998798,30.03.16,10:36:42.999,Fore,98,0,1,255
1459359402.398700,30.03.16,10:36:42.399,Fore,100,94,151,199
1459359402.338514,30.03.16,10:36:42.339,Fore,100,0,256,38
1459359402.282133,30.03.16,10:36:42.282,Fore,26,0,256,38
1459359401.738500,30.03.16,10:36:41.739,Fore,78,69,74,164
1459359401.681642,30.03.16,10:36:41.682,Fore,100,69,74,164
1459359401.648881,30.03.16,10:36:41.649,Fore,100,0,82,0
1459359401.048723,30.03.16,10:36:41.049,Fore,100,123,95,234
1459359400.988624,30.03.16,10:36:40.989,Fore,100,141,114,205
1459359400.931763,30.03.16,10:36:40.932,Fore,75,141,114,205
1459359400.388426,30.03.16,10:36:40.388,Fore,6,115,140,230
1459359400.330287,30.03.16,10:36:40.330,Fore,100,115,140,230
1459359400.298892,30.03.16,10:36:40.299,Fore,100,190,153,238
1459359400.238662,30.03.16,10:36:40.239,Fore,25,190,153,238
1459359399.698680,30.03.16,10:36:39.699,Fore,78,95,73,193
1459359399.638397,30.03.16,10:36:39.638,Fore,100,95,73,193
1459359399.583866,30.03.16,10:36:39.584,Fore,100,255,1,131
1459359398.980190,30.03.16,10:36:38.980,Fore,94,97,126,204
1459359398.948485,30.03.16,10:36:38.948,Fore,100,97,126,204
1459359398.893937,30.03.16,10:36:38.894,Fore,100,0,256,212
1459359398.288654,30.03.16,10:36:38.289,Fore,100,80,64,173
1459359398.230928,30.03.16,10:36:38.231,Fore,100,80,64,173
1459359398.198593,30.03.16,10:36:38.199,Fore,86,5,64,0
1459359397.632727,30.03.16,10:36:37.633,Fore,7,123,106,235
1459359397.598674,30.03.16,10:36:37.599,Fore,100,107,223,191
1459359397.538512,30.03.16,10:36:37.539,Fore,100,107,223,191
1459359397.483324,30.03.16,10:36:37.483,Fore,6,0,39,0
1459359396.938372,30.03.16,10:36:36.938,Fore,66,106,152,227
1459359396.881291,30.03.16,10:36:36.881,Fore,100,77,1,255
1459359396.848301,30.03.16,10:36:36.848,Fore,96,77,1,255
1459359396.248562,30.03.16,10:36:36.249,Fore,100,106,181,220
1459359396.188405,30.03.16,10:36:36.188,Fore,100,0,256,255
1459359396.131827,30.03.16,10:36:36.132,Fore,56,0,256,255
1459359395.588357,30.03.16,10:36:35.588,Fore,65,72,241,195
1459359395.531159,30.03.16,10:36:35.531,Fore,100,72,241,195
1459359395.498362,30.03.16,10:36:35.498,Fore,60,2,71,0
1459359394.898266,30.03.16,10:36:34.898,Fore,100,112,148,230
1459359394.838708,30.03.16,10:36:34.839,Fore,100,255,29,255
1459359394.781042,30.03.16,10:36:34.781,Fore,20,255,29,255
1459359394.238468,30.03.16,10:36:34.238,Fore,81,95,111,196
1459359394.181493,30.03.16,10:36:34.181,Fore,100,95,111,196
1459359394.148472,30.03.16,10:36:34.148,Fore,98,0,256,162
1459359393.583783,30.03.16,10:36:33.584,Fore,67,123,115,237
1459359393.548419,30.03.16,10:36:33.548,Fore,100,80,204,214
1459359393.488318,30.03.16,10:36:33.488,Fore,100,80,204,214
1459359392.888369,30.03.16,10:36:32.888,Fore,100,111,95,221
1459359392.848046,30.03.16,10:36:32.848,Fore,100,0,1,255
1459359392.828289,30.03.16,10:36:32.828,Fore,85,0,1,255
1459359392.232269,30.03.16,10:36:32.232,Fore,68,103,130,203
1459359392.198252,30.03.16,10:36:32.198,Fore,100,103,130,203
1459359392.138401,30.03.16,10:36:32.138,Fore,100,0,256,255
1459359392.085742,30.03.16,10:36:32.086,Fore,38,0,256,255
1459359391.538923,30.03.16,10:36:31.539,Fore,82,103,146,255
1459359391.485699,30.03.16,10:36:31.486,Fore,100,103,146,255
1459359391.448314,30.03.16,10:36:31.448,Fore,100,0,256,255
1459359391.388545,30.03.16,10:36:31.389,Fore,21,0,256,255
1459359390.848348,30.03.16,10:36:30.848,Fore,91,111,112,203
1459359390.788659,30.03.16,10:36:30.789,Fore,100,111,112,203
1459359390.739392,30.03.16,10:36:30.739,Fore,100,0,75,0
1459359390.139621,30.03.16,10:36:30.140,Fore,85,84,55,178
1459359390.098832,30.03.16,10:36:30.099,Fore,100,84,55,178
1459359390.039362,30.03.16,10:36:30.039,Fore,100,0,71,0
1459359389.438470,30.03.16,10:36:29.438,Fore,100,127,113,228
1459359389.389045,30.03.16,10:36:29.389,Fore,100,59,237,199
1459359389.348965,30.03.16,10:36:29.349,Fore,98,59,237,199
1459359388.748284,30.03.16,10:36:28.748,Fore,97,124,134,232
1459359388.688653,30.03.16,10:36:28.689,Fore,100,87,206,0
1459359388.643364,30.03.16,10:36:28.643,Fore,88,87,206,0
1459359388.058363,30.03.16,10:36:28.058,Fore,100,105,148,227
1459359387.969748,30.03.16,10:36:27.970,Fore,100,0,108,253
1459359387.938550,30.03.16,10:36:27.939,Fore,71,0,108,253
1459359387.384963,30.03.16,10:36:27.385,Fore,92,96,86,197
1459359387.338401,30.03.16,10:36:27.338,Fore,100,96,86,197
1459359387.278347,30.03.16,10:36:27.278,Fore,100,202,256,183
1459359387.226840,30.03.16,10:36:27.227,Fore,19,202,256,183
1459359386.682925,30.03.16,10:36:26.683,Fore,81,94,108,195
1459359386.648026,30.03.16,10:36:26.648,Fore,100,94,108,195
1459359386.588529,30.03.16,10:36:26.589,Fore,100,0,256,116
1459359385.988964,30.03.16,10:36:25.989,Fore,85,108,155,214
1459359385.928055,30.03.16,10:36:25.928,Fore,100,108,155,214
1459359385.873132,30.03.16,10:36:25.873,Fore,100,0,256,255
1459359385.272861,30.03.16,10:36:25.273,Fore,88,96,145,199
1459359385.240401,30.03.16,10:36:25.240,Fore,100,96,145,199
1459359385.208181,30.03.16,10:36:25.208,Fore,100,30,125,0
1459359385.122031,30.03.16,10:36:25.122,Fore,20,30,125,0
1459359384.578224,30.03.16,10:36:24.578,Fore,75,103,120,198
1459359384.520670,30.03.16,10:36:24.521,Fore,100,103,120,198
1459359384.488428,30.03.16,10:36:24.488,Fore,79,42,256,220
1459359384.415115, 30.03.16,10:36:24.415,Heel, 100,0,87,167
1459359383.828185,30.03.16,10:36:23.828,Fore,92,88,90,184
1459359383.771454,30.03.16,10:36:23.771,Fore,100,0,13,158
1459359383.635094, 30.03.16,10:36:23.635,Heel, 100,0,144,116
1459359383.078457,30.03.16,10:36:23.078,Fore,100,78,222,110
1459359383.018241,30.03.16,10:36:23.018,Fore,100,78,222,110
1459359382.974186, 30.03.16,10:36:22.974,Heel, 41,41,99,110
1459359382.886856, 30.03.16,10:36:22.887,Heel, 100,0,99,110
1459359382.328173,30.03.16,10:36:22.328,Fore,100,90,132,194
1459359382.269072,30.03.16,10:36:22.269,Fore,100,90,132,194
1459359382.134510, 30.03.16,10:36:22.135,Heel, 100,0,63,98
1459359381.610545,30.03.16,10:36:21.611,Fore,53,118,134,237
1459359381.577931,30.03.16,10:36:21.578,Fore,100,118,134,237
1459359381.518448,30.03.16,10:36:21.518,Fore,100,0,163,245
1459359381.383815, 30.03.16,10:36:21.384,Heel, 73,0,116,76
1459359380.828048,30.03.16,10:36:20.828,Fore,100,98,126,194
1459359380.769889,30.03.16,10:36:20.770,Fore,100,98,126,194
1459359380.638230, 30.03.16,10:36:20.638,Heel, 100,0,1,103
1459359380.078594,30.03.16,10:36:20.079,Fore,98,95,104,206
1459359380.018941,30.03.16,10:36:20.019,Fore,100,50,59,189
1459359379.884770, 30.03.16,10:36:19.885,Heel, 100,0,108,127
1459359379.328217,30.03.16,10:36:19.328,Fore,87,92,122,190
1459359379.268583,30.03.16,10:36:19.269,Fore,100,92,122,190
1459359379.211060,30.03.16,10:36:19.211,Fore,67,0,1,255
1459359379.067006, 30.03.16,10:36:19.067,Heel, 100,0,83,50
1459359378.578100,30.03.16,10:36:18.578,Fore,33,129,95,235
1459359378.539542,30.03.16,10:36:18.540,Fore,100,80,127,184
1459359378.519048,30.03.16,10:36:18.519,Fore,98,80,127,184
1459359378.352824, 30.03.16,10:36:18.353,Heel, 100,0,114,115
1459359377.716997,30.03.16,10:36:17.717,Fore,100,100,57,185
1459359377.696574,30.03.16,10:36:17.697,Fore,100,100,57,185
1459359377.605306, 30.03.16,10:36:17.605,Heel, 100,0,137,156
1459359376.963330,30.03.16,10:36:16.963,Fore,70,98,129,200
1459359376.928226,30.03.16,10:36:16.928,Fore,100,98,129,200
1459359376.796904, 30.03.16,10:36:16.797,Heel, 100,0,102,94
1459359376.226392,30.03.16,10:36:16.226,Fore,43,130,98,235
1459359376.179081,30.03.16,10:36:16.179,Fore,100,106,116,191
1459359376.118532,30.03.16,10:36:16.119,Fore,58,106,116,191
1459359376.075290, 30.03.16,10:36:16.075,Heel, 100,106,108,152
1459359375.427975,30.03.16,10:36:15.428,Fore,100,102,133,204
1459359375.368349,30.03.16,10:36:15.368,Fore,85,0,1,255
1459359375.294530, 30.03.16,10:36:15.295,Heel, 100,0,105,105
1459359374.712264,30.03.16,10:36:14.712,Fore,1,127,118,238
1459359374.678395,30.03.16,10:36:14.678,Fore,100,90,118,194
1459359374.619011,30.03.16,10:36:14.619,Fore,77,90,118,194
1459359374.544275, 30.03.16,10:36:14.544,Heel, 100,103,118,141
1459359374.483265, 30.03.16,10:36:14.483,Heel, 89,0,81,204
1459359373.961874,30.03.16,10:36:13.962,Fore,33,93,121,187
1459359373.927907,30.03.16,10:36:13.928,Fore,100,93,121,187
1459359373.868458,30.03.16,10:36:13.868,Fore,15,0,60,255
1459359373.794754, 30.03.16,10:36:13.795,Heel, 100,0,150,136
1459359373.212505,30.03.16,10:36:13.213,Fore,74,114,112,229
1459359373.178201,30.03.16,10:36:13.178,Fore,100,0,1,245
1459359373.118171,30.03.16,10:36:13.118,Fore,51,0,1,245
1459359373.046066, 30.03.16,10:36:13.046,Heel, 100,0,111,102
1459359372.461836,30.03.16,10:36:12.462,Fore,71,49,186,203
1459359372.428029,30.03.16,10:36:12.428,Fore,100,49,186,203
1459359372.316469, 30.03.16,10:36:12.316,Heel, 51,0,194,47
1459359372.294779, 30.03.16,10:36:12.295,Heel, 100,0,139,242
1459359371.710636,30.03.16,10:36:11.711,Fore,100,94,158,199
1459359371.678115,30.03.16,10:36:11.678,Fore,68,62,30,255
1459359371.566387, 30.03.16,10:36:11.566,Heel, 100,0,30,120
1459359371.544908, 30.03.16,10:36:11.545,Heel, 100,0,30,120
1459359371.018164,30.03.16,10:36:11.018,Fore,7,108,126,216
1459359370.962381,30.03.16,10:36:10.962,Fore,100,108,126,216
1459359370.928213,30.03.16,10:36:10.928,Fore,55,128,1,113
1459359370.834800, 30.03.16,10:36:10.835,Heel, 100,33,108,126
1459359370.795796, 30.03.16,10:36:10.796,Heel, 100,33,108,126
1459359370.211354,30.03.16,10:36:10.211,Fore,100,94,135,187
1459359370.178078,30.03.16,10:36:10.178,Fore,70,94,135,187
1459359370.072475, 30.03.16,10:36:10.072,Heel, 100,0,1,214
1459359370.047461, 30.03.16,10:36:10.047,Heel, 100,0,82,86
1459359369.460278,30.03.16,10:36:09.460,Fore,91,107,129,214
1459359369.428588,30.03.16,10:36:09.429,Fore,76,28,88,190
1459359369.325506, 30.03.16,10:36:09.326,Heel, 82,94,98,151
1459359369.284111, 30.03.16,10:36:09.284,Heel, 100,94,98,151
1459359368.710302,30.03.16,10:36:08.710,Fore,60,97,145,193
1459359368.678760,30.03.16,10:36:08.679,Fore,100,97,145,193
1459359368.544458, 30.03.16,10:36:08.544,Heel, 100,0,109,94
1459359367.961986,30.03.16,10:36:07.962,Fore,17,108,122,187
1459359367.928945,30.03.16,10:36:07.929,Fore,100,89,256,187
1459359367.794197, 30.03.16,10:36:07.794,Heel, 100,6,91,135
1459359367.213780,30.03.16,10:36:07.214,Fore,46,97,139,194
1459359367.178498,30.03.16,10:36:07.178,Fore,100,97,139,194
1459359367.046180, 30.03.16,10:36:07.046,Heel, 100,0,98,60
1459359366.983823, 30.03.16,10:36:06.984,Heel, 100,0,98,60
1459359366.462418,30.03.16,10:36:06.462,Fore,13,108,103,186
1459359366.428411,30.03.16,10:36:06.428,Fore,96,93,164,186
1459359366.367970,30.03.16,10:36:06.368,Fore,96,93,164,186
1459359366.220253, 30.03.16,10:36:06.220,Heel, 100,0,100,194
1459359366.179097, 30.03.16,10:36:06.179,Heel, 100,0,100,194
1459359365.676677,30.03.16,10:36:05.677,Fore,73,92,153,255
1459359365.561223,30.03.16,10:36:05.561,Fore,100,92,153,255
1459359365.527973,30.03.16,10:36:05.528,Fore,23,255,256,255
1459359365.411416, 30.03.16,10:36:05.411,Heel, 100,0,1,173
1459359364.868270,30.03.16,10:36:04.868,Fore,3,100,157,139
1459359364.808443,30.03.16,10:36:04.808,Fore,100,100,157,139
1459359364.778136,30.03.16,10:36:04.778,Fore,73,193,1,139
1459359364.661392, 30.03.16,10:36:04.661,Heel, 100,0,120,77
1459359364.628925, 30.03.16,10:36:04.629,Heel, 100,0,120,77
1459359364.117586,30.03.16,10:36:04.118,Fore,81,127,128,214
1459359364.088165,30.03.16,10:36:04.088,Fore,100,87,81,185
1459359364.001430,30.03.16,10:36:04.001,Fore,77,87,81,185
1459359363.916315, 30.03.16,10:36:03.916,Heel, 100,181,256,175
1459359363.877433, 30.03.16,10:36:03.877,Heel, 41,0,1,118
1459359363.367818,30.03.16,10:36:03.368,Fore,55,93,148,196
1459359363.307433,30.03.16,10:36:03.307,Fore,100,93,148,196
1459359363.247600,30.03.16,10:36:03.248,Fore,25,197,1,110
1459359363.160435, 30.03.16,10:36:03.160,Heel, 100,0,85,80
1459359363.127061, 30.03.16,10:36:03.127,Heel, 35,0,85,80
1459359362.617132,30.03.16,10:36:02.617,Fore,20,103,117,217
1459359362.557839,30.03.16,10:36:02.558,Fore,71,48,104,217
1459359362.516725, 30.03.16,10:36:02.517,Heel, 69,0,127,92
1459359362.506291, 30.03.16,10:36:02.506,Heel, 100,0,127,92
1459359361.867297,30.03.16,10:36:01.867,Fore,29,93,119,187
1459359361.811158,30.03.16,10:36:01.811,Fore,60,93,119,187
1459359360.997982, 30.03.16,10:36:00.998,Heel, 99,0,0,188
1459359360.968381, 30.03.16,10:36:00.968,Heel, 100,0,0,188
1459359360.908090, 30.03.16,10:36:00.908,Heel, 100,0,0,188
1459359360.867185, 30.03.16,10:36:00.867,Heel, 100,0,0,188
1459359360.817682, 30.03.16,10:36:00.818,Heel, 100,0,0,188
1459359360.758298, 30.03.16,10:36:00.758,Heel, 100,0,0,188
1459359360.697661, 30.03.16,10:36:00.698,Heel, 100,0,0,188
1459359360.667376, 30.03.16,10:36:00.667,Heel, 98,0,0,188
1459359360.608421, 30.03.16,10:36:00.608,Heel, 77,0,0,188
1459359360.548849, 30.03.16,10:36:00.549,Heel, 20,0,0,188
