Timestamp,Date,Time,HeelPressure,FrontAngle,SideAngle,UpAngle,Device
1457710839.295422, 11.03.16,07:40:39.295, 0,0,0,0
1457710839.346009, 11.03.16,07:40:39.346, 0,78,177,235
1457710839.481597, 11.03.16,07:40:39.482, 0,95,162,159
1457710839.543398, 11.03.16,07:40:39.543, 0,0,162,103
1457710839.654428, 11.03.16,07:40:39.654, 0,0,1,0
1457710839.771414, 11.03.16,07:40:39.771, 0,73,144,200
1457710839.859283, 11.03.16,07:40:39.859, 0,99,144,182
1457710839.956885, 11.03.16,07:40:39.957, 0,38,179,155
1457710840.079473, 11.03.16,07:40:40.079, 0,49,201,241
1457710840.159348, 11.03.16,07:40:40.159, 0,95,165,152
1457710840.251102, 11.03.16,07:40:40.251, 0,0,152,89
1457710840.374559, 11.03.16,07:40:40.375, 0,0,256,7
1457710840.491873, 11.03.16,07:40:40.492, 0,104,131,240
1457710840.532002, 11.03.16,07:40:40.532, 0,104,131,181
1457710840.671684, 11.03.16,07:40:40.672, 0,72,144,160
1457710840.760029, 11.03.16,07:40:40.760, 0,40,229,244
1457710840.850151, 11.03.16,07:40:40.850, 0,96,161,164
1457710840.974271, 11.03.16,07:40:40.974, 0,0,154,131
1457710841.061392, 11.03.16,07:40:41.061, 0,0,131,0
1457710841.180609, 11.03.16,07:40:41.181, 0,87,159,210
1457710841.270265, 11.03.16,07:40:41.270, 0,100,148,177
1457710841.359833, 11.03.16,07:40:41.360, 0,50,166,156
1457710841.448892, 11.03.16,07:40:41.449, 0,50,228,249
1457710841.600832, 11.03.16,07:40:41.601, 0,81,164,164
1457710841.641070, 11.03.16,07:40:41.641, 0,0,157,97
1457710841.752368, 11.03.16,07:40:41.752, 0,0,178,77
1457710841.903026, 11.03.16,07:40:41.903, 0,90,136,213
1457710841.947244, 11.03.16,07:40:41.947, 0,90,136,180
1457710842.049807, 11.03.16,07:40:42.050, 0,23,160,169
1457710842.199624, 11.03.16,07:40:42.200, 0,68,217,240
1457710842.241367, 11.03.16,07:40:42.241, 0,82,176,170
1457710842.350990, 11.03.16,07:40:42.351, 0,0,150,40
1457710842.501688, 11.03.16,07:40:42.502, 0,0,1,113
1457710842.543875, 11.03.16,07:40:42.544, 0,98,138,205
1457710842.624919, 11.03.16,07:40:42.625, 0,0,168,147
1457710842.769239, 11.03.16,07:40:42.769, 0,0,256,218
1457710842.859685, 11.03.16,07:40:42.860, 0,90,205,218
1457710842.954392, 11.03.16,07:40:42.954, 0,69,165,182
1457710843.072474, 11.03.16,07:40:43.072, 0,0,85,0
1457710843.160947, 11.03.16,07:40:43.161, 0,92,256,222
1457710843.249487, 11.03.16,07:40:43.249, 0,92,135,222
1457710843.369910, 11.03.16,07:40:43.370, 0,0,197,144
1457710843.459128, 11.03.16,07:40:43.459, 0,9,178,244
1457710843.549405, 11.03.16,07:40:43.549, 0,90,178,216
1457710843.669820, 11.03.16,07:40:43.670, 0,58,178,171
1457710843.761439, 11.03.16,07:40:43.761, 0,0,76,0
1457710843.825551, 11.03.16,07:40:43.826, 0,25,76,131
1457710843.971511, 11.03.16,07:40:43.972, 0,92,156,219
1457710844.058885, 11.03.16,07:40:44.059, 0,0,218,130
1457710844.124758, 11.03.16,07:40:44.125, 0,30,185,237
1457710844.270444, 11.03.16,07:40:44.270, 0,89,185,217
1457710844.359709, 11.03.16,07:40:44.360, 0,58,185,164
1457710844.451126, 11.03.16,07:40:44.451, 0,0,93,0
1457710844.571985, 11.03.16,07:40:44.572, 0,17,126,158
1457710844.659276, 11.03.16,07:40:44.659, 0,96,155,224
1457710844.749085, 11.03.16,07:40:44.749, 0,26,179,129
1457710844.869457, 11.03.16,07:40:44.869, 0,32,158,249
1457710844.962229, 11.03.16,07:40:44.962, 0,108,190,197
1457710845.051296, 11.03.16,07:40:45.051, 0,42,159,156
1457710845.172878, 11.03.16,07:40:45.173, 0,0,133,0
1457710845.261135, 11.03.16,07:40:45.261, 0,88,181,163
1457710845.348981, 11.03.16,07:40:45.349, 0,119,158,215
1457710845.469781, 11.03.16,07:40:45.470, 0,47,142,138
1457710845.535928, 11.03.16,07:40:45.536, 0,47,178,250
1457710845.649191, 11.03.16,07:40:45.649, 0,97,168,165
1457710845.769487, 11.03.16,07:40:45.769, 0,0,154,118
1457710845.861531, 11.03.16,07:40:45.862, 0,11,218,0
1457710845.955427, 11.03.16,07:40:45.955, 0,90,136,213
1457710846.070843, 11.03.16,07:40:46.071, 0,90,142,187
1457710846.159491, 11.03.16,07:40:46.159, 0,60,135,153
1457710846.249586, 11.03.16,07:40:46.250, 0,43,211,236
1457710846.369702, 11.03.16,07:40:46.370, 0,98,172,153
1457710846.492423, 11.03.16,07:40:46.492, 0,0,149,114
1457710846.558672, 11.03.16,07:40:46.559, 0,0,256,47
1457710846.700741, 11.03.16,07:40:46.701, 0,89,108,222
1457710846.743613, 11.03.16,07:40:46.744, 0,116,138,202
1457710846.851839, 11.03.16,07:40:46.852, 0,38,164,155
1457710846.974839, 11.03.16,07:40:46.975, 0,38,224,245
1457710847.034128, 11.03.16,07:40:47.034, 0,92,164,156
1457710847.179435, 11.03.16,07:40:47.179, 0,0,146,57
1457710847.273165, 11.03.16,07:40:47.273, 0,0,256,23
1457710847.362220, 11.03.16,07:40:47.362, 0,76,157,212
1457710847.479982, 11.03.16,07:40:47.480, 0,88,157,168
1457710847.570587, 11.03.16,07:40:47.571, 0,50,193,168
1457710847.645182, 11.03.16,07:40:47.645, 0,72,204,216
1457710847.778806, 11.03.16,07:40:47.779, 0,72,184,150
1457710847.872987, 11.03.16,07:40:47.873, 0,0,107,150
1457710847.962224, 11.03.16,07:40:47.962, 0,255,256,255
1457710848.079128, 11.03.16,07:40:48.079, 0,98,144,222
1457710848.172352, 11.03.16,07:40:48.172, 0,0,189,222
1457710848.318950, 11.03.16,07:40:48.319, 0,0,240,226
1457710848.359154, 11.03.16,07:40:48.359, 0,94,196,199
1457710848.470682, 11.03.16,07:40:48.471, 0,53,196,152
1457710848.562713, 11.03.16,07:40:48.563, 0,0,144,0
1457710848.654689, 11.03.16,07:40:48.655, 0,100,196,228
1457710848.771041, 11.03.16,07:40:48.771, 0,81,150,210
1457710848.861942, 11.03.16,07:40:48.862, 0,0,188,127
1457710849.011978, 11.03.16,07:40:49.012, 0,31,162,244
1457710849.049681, 11.03.16,07:40:49.050, 0,112,177,185
1457710849.163217, 11.03.16,07:40:49.163, 0,61,177,160
1457710849.285053, 11.03.16,07:40:49.285, 0,0,115,0
1457710849.401800, 11.03.16,07:40:49.402, 0,98,95,191
1457710849.520554, 11.03.16,07:40:49.521, 0,128,159,221
1457710849.560787, 11.03.16,07:40:49.561, 0,50,137,136
1457710849.672154, 11.03.16,07:40:49.672, 0,50,183,246
1457710849.760193, 11.03.16,07:40:49.760, 0,97,173,163
1457710849.880567, 11.03.16,07:40:49.881, 0,0,148,122
1457710850.002006, 11.03.16,07:40:50.002, 0,0,148,0
1457710850.040914, 11.03.16,07:40:50.041, 0,78,148,201
1457710850.181472, 11.03.16,07:40:50.181, 0,110,138,201
1457710850.272784, 11.03.16,07:40:50.273, 0,75,138,155
1457710850.359570, 11.03.16,07:40:50.360, 0,22,206,244
1457710850.480400, 11.03.16,07:40:50.480, 0,98,177,164
1457710850.570569, 11.03.16,07:40:50.571, 0,0,156,97
1457710850.661885, 11.03.16,07:40:50.662, 0,0,256,27
1457710850.755077, 11.03.16,07:40:50.755, 0,72,143,209
1457710850.870575, 11.03.16,07:40:50.871, 0,102,156,175
1457710850.964228, 11.03.16,07:40:50.964, 0,52,146,196
1457710851.080961, 11.03.16,07:40:51.081, 0,70,215,229
1457710851.169796, 11.03.16,07:40:51.170, 0,89,174,151
1457710851.261051, 11.03.16,07:40:51.261, 0,0,130,0
1457710851.381727, 11.03.16,07:40:51.382, 0,20,86,141
1457710851.500722, 11.03.16,07:40:51.501, 0,82,150,215
1457710851.590821, 11.03.16,07:40:51.591, 0,0,216,170
1457710851.709255, 11.03.16,07:40:51.709, 0,29,199,170
1457710851.748645, 11.03.16,07:40:51.749, 0,109,177,188
1457710851.890563, 11.03.16,07:40:51.891, 0,36,177,148
1457710851.984697, 11.03.16,07:40:51.985, 0,0,120,148
1457710852.073929, 11.03.16,07:40:52.074, 0,80,153,189
1457710852.190002, 11.03.16,07:40:52.190, 0,113,146,213
1457710852.281298, 11.03.16,07:40:52.281, 0,46,135,213
1457710852.400302, 11.03.16,07:40:52.400, 0,29,213,252
1457710852.489799, 11.03.16,07:40:52.490, 0,98,168,163
1457710852.579156, 11.03.16,07:40:52.579, 0,0,152,104
1457710852.672042, 11.03.16,07:40:52.672, 0,0,256,104
1457710852.792819, 11.03.16,07:40:52.793, 0,76,130,209
1457710852.879408, 11.03.16,07:40:52.879, 0,100,143,179
1457710852.972685, 11.03.16,07:40:52.973, 0,48,166,207
1457710853.090794, 11.03.16,07:40:53.091, 0,87,208,225
1457710853.179169, 11.03.16,07:40:53.179, 0,78,174,164
1457710853.273553, 11.03.16,07:40:53.274, 0,0,102,0
1457710853.392336, 11.03.16,07:40:53.392, 0,72,102,201
1457710853.479528, 11.03.16,07:40:53.480, 0,91,163,211
1457710853.600318, 11.03.16,07:40:53.600, 0,0,188,160
1457710853.689885, 11.03.16,07:40:53.690, 0,40,188,255
1457710853.779295, 11.03.16,07:40:53.779, 0,115,173,180
1457710853.870324, 11.03.16,07:40:53.870, 0,1,145,123
1457710853.993749, 11.03.16,07:40:53.994, 0,1,217,0
1457710854.081841, 11.03.16,07:40:54.082, 0,88,131,206
1457710854.171236, 11.03.16,07:40:54.171, 0,97,131,164
1457710854.291609, 11.03.16,07:40:54.292, 0,65,180,187
1457710854.409920, 11.03.16,07:40:54.410, 0,65,219,229
1457710854.499302, 11.03.16,07:40:54.499, 0,78,183,152
1457710854.589600, 11.03.16,07:40:54.590, 0,0,80,152
1457710854.655328, 11.03.16,07:40:54.655, 0,167,132,255
1457710854.799683, 11.03.16,07:40:54.800, 0,98,151,210
1457710854.923375, 11.03.16,07:40:54.923, 0,0,180,210
1457710854.966465, 11.03.16,07:40:54.966, 0,0,241,247
1457710855.100018, 11.03.16,07:40:55.100, 0,84,180,213
1457710855.190009, 11.03.16,07:40:55.190, 0,52,180,160
1457710855.279839, 11.03.16,07:40:55.280, 0,0,78,0
1457710855.431953, 11.03.16,07:40:55.432, 0,90,160,194
1457710855.520936, 11.03.16,07:40:55.521, 0,90,152,223
1457710855.609608, 11.03.16,07:40:55.610, 0,0,193,125
1457710855.675176, 11.03.16,07:40:55.675, 0,51,172,251
1457710855.789485, 11.03.16,07:40:55.789, 0,106,172,186
1457710855.879785, 11.03.16,07:40:55.880, 0,29,172,142
1457710856.031827, 11.03.16,07:40:56.032, 0,0,95,0
1457710856.075100, 11.03.16,07:40:56.075, 0,80,120,202
1457710856.179418, 11.03.16,07:40:56.179, 0,111,150,202
1457710856.301442, 11.03.16,07:40:56.301, 0,56,128,161
1457710856.390632, 11.03.16,07:40:56.391, 0,50,224,252
1457710856.479741, 11.03.16,07:40:56.480, 0,96,158,161
1457710856.599604, 11.03.16,07:40:56.600, 0,0,146,71
1457710856.692658, 11.03.16,07:40:56.693, 0,255,1,255
1457710856.781112, 11.03.16,07:40:56.781, 0,90,143,206
1457710856.933234, 11.03.16,07:40:56.933, 0,105,165,180
1457710857.019900, 11.03.16,07:40:57.020, 0,105,165,221
1457710857.059626, 11.03.16,07:40:57.060, 0,43,205,221
1457710857.199420, 11.03.16,07:40:57.199, 0,110,191,157
1457710857.323400, 11.03.16,07:40:57.323, 0,0,113,0
1457710857.365962, 11.03.16,07:40:57.366, 0,0,113,183
1457710857.500007, 11.03.16,07:40:57.500, 0,94,175,183
1457710857.589855, 11.03.16,07:40:57.590, 0,105,147,215
1457710857.680821, 11.03.16,07:40:57.681, 0,21,124,166
1457710857.799800, 11.03.16,07:40:57.800, 0,70,226,255
1457710857.954538, 11.03.16,07:40:57.955, 0,106,157,162
1457710857.995716, 11.03.16,07:40:57.996, 0,0,157,45
1457710858.102120, 11.03.16,07:40:58.102, 0,255,1,45
1457710858.189602, 11.03.16,07:40:58.190, 0,82,141,198
1457710858.285857, 11.03.16,07:40:58.286, 0,112,154,184
1457710858.402905, 11.03.16,07:40:58.403, 0,39,201,184
1457710858.489464, 11.03.16,07:40:58.489, 0,94,210,214
1457710858.610279, 11.03.16,07:40:58.610, 0,61,203,141
1457710858.701462, 11.03.16,07:40:58.701, 0,0,110,141
1457710858.820956, 11.03.16,07:40:58.821, 0,86,171,209
1457710858.972500, 11.03.16,07:40:58.973, 0,86,154,202
1457710859.010225, 11.03.16,07:40:59.010, 0,0,206,202
1457710859.091999, 11.03.16,07:40:59.092, 0,7,171,255
1457710859.209451, 11.03.16,07:40:59.209, 0,114,177,187
1457710859.303871, 11.03.16,07:40:59.304, 0,33,163,134
1457710859.421749, 11.03.16,07:40:59.422, 0,0,146,0
1457710859.540221, 11.03.16,07:40:59.540, 0,99,138,228
1457710859.581070, 11.03.16,07:40:59.581, 0,106,152,198
1457710859.691005, 11.03.16,07:40:59.691, 0,36,139,156
1457710859.809759, 11.03.16,07:40:59.810, 0,43,216,246
1457710859.899443, 11.03.16,07:40:59.899, 0,103,160,156
1457710860.026749, 11.03.16,07:41:00.027, 0,0,160,53
1457710860.174503, 11.03.16,07:41:00.175, 0,0,1,106
1457710860.211710, 11.03.16,07:41:00.212, 0,103,154,212
1457710860.290709, 11.03.16,07:41:00.291, 0,0,161,153
1457710860.411406, 11.03.16,07:41:00.411, 0,29,211,255
1457710860.500078, 11.03.16,07:41:00.500, 0,96,177,210
1457710860.621648, 11.03.16,07:41:00.622, 0,53,168,172
1457710860.685877, 11.03.16,07:41:00.686, 0,0,120,0
1457710860.830141, 11.03.16,07:41:00.830, 0,87,150,191
1457710860.920618, 11.03.16,07:41:00.921, 0,87,160,208
1457710861.009939, 11.03.16,07:41:01.010, 0,0,152,208
1457710861.101269, 11.03.16,07:41:01.101, 0,40,209,253
1457710861.219980, 11.03.16,07:41:01.220, 0,108,170,199
1457710861.312995, 11.03.16,07:41:01.313, 0,59,158,199
1457710861.402008, 11.03.16,07:41:01.402, 0,0,108,0
1457710861.520467, 11.03.16,07:41:01.520, 0,96,108,184
1457710861.609919, 11.03.16,07:41:01.610, 0,96,161,220
1457710861.701231, 11.03.16,07:41:01.701, 0,34,161,145
1457710861.821463, 11.03.16,07:41:01.821, 0,34,170,244
1457710861.892218, 11.03.16,07:41:01.892, 0,114,170,187
1457710862.001919, 11.03.16,07:41:02.002, 0,33,170,147
1457710862.120726, 11.03.16,07:41:02.121, 0,0,116,0
1457710862.210446, 11.03.16,07:41:02.210, 0,98,65,187
1457710862.275390, 11.03.16,07:41:02.275, 0,106,158,217
1457710862.420818, 11.03.16,07:41:02.421, 0,0,141,138
1457710862.510359, 11.03.16,07:41:02.510, 0,45,170,249
1457710862.600347, 11.03.16,07:41:02.600, 0,109,170,184
1457710862.722053, 11.03.16,07:41:02.722, 0,1,140,126
1457710862.812526, 11.03.16,07:41:02.813, 0,1,256,0
1457710862.903581, 11.03.16,07:41:02.904, 0,85,145,215
1457710863.023364, 11.03.16,07:41:03.023, 0,106,145,194
1457710863.140205, 11.03.16,07:41:03.140, 0,56,145,165
1457710863.179552, 11.03.16,07:41:03.180, 0,63,208,247
1457710863.320824, 11.03.16,07:41:03.321, 0,95,174,157
1457710863.412277, 11.03.16,07:41:03.412, 0,0,167,69
1457710863.501989, 11.03.16,07:41:03.502, 0,0,1,0
1457710863.621018, 11.03.16,07:41:03.621, 0,79,140,201
1457710863.711197, 11.03.16,07:41:03.711, 0,102,152,175
1457710863.830684, 11.03.16,07:41:03.831, 0,30,137,201
1457710863.923684, 11.03.16,07:41:03.924, 0,88,199,219
1457710864.040150, 11.03.16,07:41:04.040, 0,88,168,156
1457710864.131812, 11.03.16,07:41:04.132, 0,0,102,0
1457710864.222246, 11.03.16,07:41:04.222, 0,0,199,99
1457710864.311314, 11.03.16,07:41:04.311, 0,82,168,216
1457710864.490560, 11.03.16,07:41:04.491, 0,9,199,150
1457710864.530186, 11.03.16,07:41:04.530, 0,0,212,255
1457710864.609682, 11.03.16,07:41:04.610, 0,105,170,201
1457710864.731714, 11.03.16,07:41:04.732, 0,56,179,157
1457710864.821899, 11.03.16,07:41:04.822, 0,0,97,0
1457710864.886570, 11.03.16,07:41:04.887, 0,91,56,187
1457710865.031487, 11.03.16,07:41:05.031, 0,116,160,225
1457710865.179563, 11.03.16,07:41:05.180, 0,7,160,144
1457710865.269774, 11.03.16,07:41:05.270, 0,36,200,249
1457710865.311075, 11.03.16,07:41:05.311, 0,98,169,169
1457710865.423232, 11.03.16,07:41:05.423, 0,0,169,126
1457710865.512033, 11.03.16,07:41:05.512, 0,0,256,0
1457710865.630692, 11.03.16,07:41:05.631, 0,91,147,203
1457710865.719845, 11.03.16,07:41:05.720, 0,99,147,181
1457710865.791388, 11.03.16,07:41:05.791, 0,50,167,181
1457710865.932705, 11.03.16,07:41:05.933, 0,50,225,237
1457710866.021113, 11.03.16,07:41:06.021, 0,96,179,152
1457710866.113472, 11.03.16,07:41:06.113, 0,0,162,67
1457710866.263102, 11.03.16,07:41:06.263, 0,124,1,255
1457710866.352704, 11.03.16,07:41:06.353, 0,85,137,203
1457710866.389716, 11.03.16,07:41:06.390, 0,85,169,175
1457710866.511659, 11.03.16,07:41:06.512, 0,34,148,199
1457710866.621296, 11.03.16,07:41:06.621, 0,98,186,212
1457710866.709941, 11.03.16,07:41:06.710, 0,67,186,146
1457710866.833178, 11.03.16,07:41:06.833, 0,0,65,0
1457710866.926854, 11.03.16,07:41:06.927, 0,9,154,111
1457710867.010091, 11.03.16,07:41:07.010, 0,93,173,227
1457710867.161569, 11.03.16,07:41:07.162, 0,0,197,131
1457710867.250759, 11.03.16,07:41:07.251, 0,34,197,255
1457710867.343529, 11.03.16,07:41:07.344, 0,116,176,192
1457710867.429885, 11.03.16,07:41:07.430, 0,37,148,192
1457710867.522426, 11.03.16,07:41:07.522, 0,0,117,0
1457710867.700059, 11.03.16,07:41:07.700, 0,80,139,186
1457710867.740079, 11.03.16,07:41:07.740, 0,113,146,186
1457710867.820961, 11.03.16,07:41:07.821, 0,42,146,145
1457710867.944195, 11.03.16,07:41:07.944, 0,53,205,254
1457710868.029653, 11.03.16,07:41:08.030, 0,108,166,254
1457710868.122228, 11.03.16,07:41:08.122, 0,0,149,133
1457710868.242552, 11.03.16,07:41:08.243, 0,0,66,0
1457710868.348338, 11.03.16,07:41:08.348, 0,86,147,0
1457710868.453272, 11.03.16,07:41:08.453, 0,98,139,175
1457710868.544082, 11.03.16,07:41:08.544, 0,27,178,187
1457710868.632766, 11.03.16,07:41:08.633, 0,59,210,239
1457710868.721577, 11.03.16,07:41:08.722, 0,75,180,161
1457710868.855224, 11.03.16,07:41:08.855, 0,0,131,0
1457710868.971411, 11.03.16,07:41:08.971, 0,153,256,220
1457710869.031497, 11.03.16,07:41:09.031, 0,102,152,227
1457710869.163376, 11.03.16,07:41:09.163, 0,0,220,147
1457710869.213872, 11.03.16,07:41:09.214, 0,13,190,255
1457710869.334841, 11.03.16,07:41:09.335, 0,107,174,198
1457710869.585816, 11.03.16,07:41:09.586, 0,29,174,156
1457710869.595601, 11.03.16,07:41:09.596, 0,0,108,0
1457710869.609233, 11.03.16,07:41:09.609, 0,77,108,192
1457710869.913802, 11.03.16,07:41:09.914, 0,111,146,203
1457710870.367197, 11.03.16,07:41:10.367, 0,40,146,164
1457710870.465768, 11.03.16,07:41:10.466, 0,40,242,254
1457710870.475200, 11.03.16,07:41:10.475, 0,108,157,155
1457710870.501532, 11.03.16,07:41:10.502, 0,0,171,77
1457710870.513047, 11.03.16,07:41:10.513, 0,0,145,0
1457710870.521774, 11.03.16,07:41:10.522, 0,77,145,206
1457710870.530309, 11.03.16,07:41:10.530, 0,98,145,169
1457710870.591113, 11.03.16,07:41:10.591, 0,12,157,207
1457710870.651881, 11.03.16,07:41:10.652, 0,98,192,219
1457710870.878760, 11.03.16,07:41:10.879, 0,78,172,160
1457710870.913124, 11.03.16,07:41:10.913, 0,0,53,0
1457710871.204801, 11.03.16,07:41:11.205, 0,106,172,225
1457710871.231724, 11.03.16,07:41:11.232, 0,84,148,217
1457710871.528736, 11.03.16,07:41:11.529, 0,0,171,136
1457710871.622769, 11.03.16,07:41:11.623, 0,16,206,255
1457710871.631623, 11.03.16,07:41:11.632, 0,106,174,190
1457710871.654095, 11.03.16,07:41:11.654, 0,36,174,147
1457710871.678348, 11.03.16,07:41:11.678, 0,0,211,0
1457710871.703169, 11.03.16,07:41:11.703, 0,100,143,228
1457710871.760027, 11.03.16,07:41:11.760, 0,100,143,194
1457710871.834376, 11.03.16,07:41:11.834, 0,71,128,194
1457710871.910237, 11.03.16,07:41:11.910, 0,17,240,255
1457710872.027406, 11.03.16,07:41:12.027, 0,92,165,163
1457710872.118493, 11.03.16,07:41:12.118, 0,0,159,163
1457710872.208229, 11.03.16,07:41:12.208, 0,7,1,0
1457710872.356600, 11.03.16,07:41:12.357, 0,79,138,208
1457710872.515405, 11.03.16,07:41:12.515, 0,51,150,208
1457710872.526530, 11.03.16,07:41:12.527, 0,45,203,203
1457710872.652115, 11.03.16,07:41:12.652, 0,99,223,225
1457710872.716189, 11.03.16,07:41:12.716, 0,66,184,163
1457710872.816702, 11.03.16,07:41:12.817, 0,0,84,0
1457710872.929319, 11.03.16,07:41:12.929, 0,90,140,228
1457710873.041462, 11.03.16,07:41:13.041, 0,82,149,213
1457710873.106277, 11.03.16,07:41:13.106, 0,0,187,135
1457710873.250998, 11.03.16,07:41:13.251, 0,15,204,255
1457710873.346908, 11.03.16,07:41:13.347, 0,102,175,192
1457710873.413260, 11.03.16,07:41:13.413, 0,22,181,159
1457710873.614586, 11.03.16,07:41:13.615, 0,0,100,0
1457710873.623428, 11.03.16,07:41:13.623, 0,100,138,220
1457710873.705376, 11.03.16,07:41:13.705, 0,100,138,184
1457710873.852698, 11.03.16,07:41:13.853, 0,70,113,162
1457710873.953266, 11.03.16,07:41:13.953, 0,29,226,254
1457710874.036024, 11.03.16,07:41:14.036, 0,107,171,161
1457710874.153461, 11.03.16,07:41:14.153, 0,0,164,161
1457710874.216099, 11.03.16,07:41:14.216, 0,255,1,0
1457710874.336074, 11.03.16,07:41:14.336, 0,72,156,207
1457710874.481995, 11.03.16,07:41:14.482, 0,23,164,207
1457710874.523712, 11.03.16,07:41:14.524, 0,37,193,206
1457710874.690762, 11.03.16,07:41:14.691, 0,106,204,215
1457710874.730779, 11.03.16,07:41:14.731, 0,45,204,152
1457710874.846060, 11.03.16,07:41:14.846, 0,0,111,0
1457710874.936480, 11.03.16,07:41:14.936, 0,39,84,159
1457710875.026927, 11.03.16,07:41:15.027, 0,102,152,217
1457710875.171829, 11.03.16,07:41:15.172, 0,32,152,140
1457710875.236687, 11.03.16,07:41:15.237, 0,38,182,255
1457710875.411699, 11.03.16,07:41:15.412, 0,102,168,173
1457710875.451215, 11.03.16,07:41:15.451, 0,0,149,99
1457710875.536284, 11.03.16,07:41:15.536, 0,0,256,45
1457710875.656349, 11.03.16,07:41:15.656, 0,84,152,204
1457710875.801534, 11.03.16,07:41:15.802, 0,100,144,156
1457710875.843246, 11.03.16,07:41:15.843, 0,37,144,192
1457710875.931318, 11.03.16,07:41:15.931, 0,83,217,234
1457710876.046170, 11.03.16,07:41:16.046, 0,62,185,163
1457710876.162774, 11.03.16,07:41:16.163, 0,0,115,163
1457710876.254022, 11.03.16,07:41:16.254, 0,0,115,116
1457710876.370754, 11.03.16,07:41:16.371, 0,91,160,213
1457710876.466344, 11.03.16,07:41:16.466, 0,0,179,130
1457710876.530582, 11.03.16,07:41:16.531, 0,46,170,255
1457710876.676395, 11.03.16,07:41:16.676, 0,106,177,183
1457710876.740972, 11.03.16,07:41:16.741, 0,33,167,158
1457710876.912879, 11.03.16,07:41:16.913, 0,0,107,0
1457710876.970579, 11.03.16,07:41:16.971, 0,83,144,201
1457710877.152805, 11.03.16,07:41:17.153, 0,118,153,211
1457710877.161346, 11.03.16,07:41:17.161, 0,44,153,165
1457710877.270703, 11.03.16,07:41:17.271, 0,44,240,251
1457710877.336112, 11.03.16,07:41:17.336, 0,102,159,158
1457710877.425679, 11.03.16,07:41:17.426, 0,0,159,62
1457710877.573084, 11.03.16,07:41:17.573, 0,0,1,215
1457710877.635781, 11.03.16,07:41:17.636, 0,95,144,205
1457710877.782745, 11.03.16,07:41:17.783, 0,51,181,166
1457710877.846487, 11.03.16,07:41:17.846, 0,51,181,215
1457710877.936309, 11.03.16,07:41:17.936, 0,96,197,215
1457710878.025657, 11.03.16,07:41:18.026, 0,55,182,160
1457710878.173616, 11.03.16,07:41:18.174, 0,0,87,0
1457710878.263106, 11.03.16,07:41:18.263, 0,83,79,186
1457710878.356012, 11.03.16,07:41:18.356, 0,113,152,220
1457710878.446427, 11.03.16,07:41:18.446, 0,7,169,148
1457710878.536364, 11.03.16,07:41:18.536, 0,35,221,255
1457710878.656630, 11.03.16,07:41:18.657, 0,105,159,164
1457710878.746473, 11.03.16,07:41:18.746, 0,0,148,164
1457710878.880036, 11.03.16,07:41:18.880, 0,255,1,255
1457710879.016177, 11.03.16,07:41:19.016, 0,90,142,218
1457710879.051504, 11.03.16,07:41:19.052, 0,29,174,218
1457710879.160934, 11.03.16,07:41:19.161, 0,48,213,230
1457710879.282683, 11.03.16,07:41:19.283, 0,106,213,212
1457710879.352289, 11.03.16,07:41:19.352, 0,47,181,212
1457710879.436732, 11.03.16,07:41:19.437, 0,0,102,0
1457710879.643753, 11.03.16,07:41:19.644, 0,57,46,170
1457710879.682877, 11.03.16,07:41:19.683, 0,110,156,170
1457710879.735978, 11.03.16,07:41:19.736, 0,19,148,152
1457710879.887527, 11.03.16,07:41:19.888, 0,52,199,252
1457710879.968893, 11.03.16,07:41:19.969, 0,109,163,166
1457710880.036425, 11.03.16,07:41:20.036, 0,0,149,104
1457710880.183338, 11.03.16,07:41:20.183, 0,0,256,69
1457710880.333740, 11.03.16,07:41:20.334, 0,89,134,208
1457710880.370524, 11.03.16,07:41:20.371, 0,95,147,169
1457710880.456753, 11.03.16,07:41:20.457, 0,23,147,192
1457710880.571579, 11.03.16,07:41:20.572, 0,75,214,237
1457710880.661014, 11.03.16,07:41:20.661, 0,82,167,160
1457710880.783433, 11.03.16,07:41:20.783, 0,0,95,0
1457710880.874456, 11.03.16,07:41:20.874, 0,0,86,56
1457710880.938004, 11.03.16,07:41:20.938, 0,89,153,214
1457710881.086519, 11.03.16,07:41:21.087, 0,0,204,144
1457710881.152467, 11.03.16,07:41:21.152, 0,12,166,255
1457710881.261297, 11.03.16,07:41:21.261, 0,109,180,184
1457710881.381736, 11.03.16,07:41:21.382, 0,22,188,127
1457710881.446563, 11.03.16,07:41:21.447, 0,0,117,0
1457710881.536262, 11.03.16,07:41:21.536, 0,79,133,192
1457710881.687166, 11.03.16,07:41:21.687, 0,106,155,210
1457710881.776409, 11.03.16,07:41:21.776, 0,24,155,150
1457710881.840352, 11.03.16,07:41:21.840, 0,41,228,255
1457710881.992791, 11.03.16,07:41:21.993, 0,95,167,160
1457710882.133059, 11.03.16,07:41:22.133, 0,0,156,59
1457710882.218383, 11.03.16,07:41:22.218, 0,255,1,255
1457710882.406321, 11.03.16,07:41:22.406, 0,83,142,211
1457710882.441528, 11.03.16,07:41:22.442, 0,83,179,176
1457710882.478919, 11.03.16,07:41:22.479, 0,33,194,225
1457710882.581154, 11.03.16,07:41:22.581, 0,102,194,214
1457710882.650065, 11.03.16,07:41:22.650, 0,55,175,168
1457710882.765999, 11.03.16,07:41:22.766, 0,0,106,0
1457710882.856531, 11.03.16,07:41:22.857, 0,36,50,0
1457710883.063756, 11.03.16,07:41:23.064, 0,105,159,215
1457710883.100202, 11.03.16,07:41:23.100, 0,12,140,138
1457710883.167520, 11.03.16,07:41:23.168, 0,52,176,250
1457710883.270964, 11.03.16,07:41:23.271, 0,111,176,175
1457710883.390670, 11.03.16,07:41:23.391, 0,0,151,150
1457710883.456466, 11.03.16,07:41:23.456, 0,0,115,0
1457710883.546203, 11.03.16,07:41:23.546, 0,96,135,219
1457710883.690922, 11.03.16,07:41:23.691, 0,96,142,193
1457710883.781317, 11.03.16,07:41:23.781, 0,54,161,175
1457710883.846035, 11.03.16,07:41:23.846, 0,54,229,240
1457710883.966472, 11.03.16,07:41:23.966, 0,90,164,152
1457710884.055834, 11.03.16,07:41:24.056, 0,0,175,54
1457710884.172679, 11.03.16,07:41:24.173, 0,44,1,229
1457710884.266536, 11.03.16,07:41:24.267, 0,103,142,208
1457710884.381138, 11.03.16,07:41:24.381, 0,31,154,149
1457710884.472180, 11.03.16,07:41:24.472, 0,41,203,207
1457710884.590835, 11.03.16,07:41:24.591, 0,111,190,213
1457710884.680783, 11.03.16,07:41:24.681, 0,49,184,163
1457710884.745855, 11.03.16,07:41:24.746, 0,0,115,0
1457710884.936309, 11.03.16,07:41:24.936, 0,84,146,197
1457710885.016842, 11.03.16,07:41:25.017, 0,97,154,210
1457710885.113941, 11.03.16,07:41:25.114, 0,25,154,126
1457710885.166575, 11.03.16,07:41:25.167, 0,63,176,126
1457710885.256513, 11.03.16,07:41:25.257, 0,100,166,181
1457710885.402070, 11.03.16,07:41:25.402, 0,0,144,132
1457710885.493471, 11.03.16,07:41:25.493, 0,0,125,0
1457710885.556145, 11.03.16,07:41:25.556, 0,100,137,210
1457710885.705980, 11.03.16,07:41:25.706, 0,100,137,184
1457710885.771320, 11.03.16,07:41:25.771, 0,61,147,184
1457710885.881236, 11.03.16,07:41:25.881, 0,68,239,240
1457710886.000910, 11.03.16,07:41:26.001, 0,88,162,163
1457710886.066235, 11.03.16,07:41:26.066, 0,0,156,22
1457710886.182690, 11.03.16,07:41:26.183, 0,0,1,108
1457710886.276097, 11.03.16,07:41:26.276, 0,89,152,200
1457710886.366588, 11.03.16,07:41:26.367, 0,30,164,149
1457710886.481743, 11.03.16,07:41:26.482, 0,42,227,206
1457710886.576342, 11.03.16,07:41:26.576, 0,89,181,213
1457710886.666559, 11.03.16,07:41:26.667, 0,48,196,156
1457710886.784152, 11.03.16,07:41:26.784, 0,0,118,0
1457710886.907113, 11.03.16,07:41:26.907, 0,37,66,162
1457710886.991306, 11.03.16,07:41:26.991, 0,107,154,214
1457710887.112930, 11.03.16,07:41:27.113, 0,17,163,143
1457710887.231072, 11.03.16,07:41:27.231, 0,41,170,252
1457710887.270609, 11.03.16,07:41:27.271, 0,104,170,176
1457710887.356290, 11.03.16,07:41:27.356, 0,0,160,117
1457710887.503686, 11.03.16,07:41:27.504, 0,0,1,0
1457710887.568142, 11.03.16,07:41:27.568, 0,91,123,215
1457710887.655952, 11.03.16,07:41:27.656, 0,100,147,170
1457710887.776610, 11.03.16,07:41:27.777, 0,43,147,192
1457710887.867101, 11.03.16,07:41:27.867, 0,67,235,232
1457710888.016368, 11.03.16,07:41:28.016, 0,77,166,158
1457710888.081071, 11.03.16,07:41:28.081, 0,0,111,158
1457710888.192944, 11.03.16,07:41:28.193, 0,101,247,182
1457710888.316991, 11.03.16,07:41:28.317, 0,94,156,222
1457710888.453882, 11.03.16,07:41:28.454, 0,0,204,222
1457710888.592579, 11.03.16,07:41:28.593, 0,34,180,255
1457710888.598896, 11.03.16,07:41:28.599, 0,107,180,189
1457710888.676710, 11.03.16,07:41:28.677, 0,29,166,189
1457710888.767101, 11.03.16,07:41:28.767, 0,0,105,0
1457710888.887667, 11.03.16,07:41:28.888, 0,102,157,208
1457710889.006410, 11.03.16,07:41:29.006, 0,94,138,208
1457710889.069228, 11.03.16,07:41:29.069, 0,94,171,169
1457710889.273150, 11.03.16,07:41:29.273, 0,41,232,247
1457710889.281907, 11.03.16,07:41:29.282, 0,84,166,166
1457710889.367713, 11.03.16,07:41:29.368, 0,84,120,11
1457710889.513358, 11.03.16,07:41:29.513, 0,0,120,11
1457710889.576393, 11.03.16,07:41:29.576, 0,211,250,255
1457710889.695796, 11.03.16,07:41:29.696, 0,98,141,217
1457710889.811349, 11.03.16,07:41:29.811, 0,0,214,150
1457710889.903485, 11.03.16,07:41:29.903, 0,0,186,255
1457710889.996359, 11.03.16,07:41:29.996, 0,112,186,190
1457710890.087219, 11.03.16,07:41:30.087, 0,65,180,153
1457710890.294005, 11.03.16,07:41:30.294, 0,0,120,0
1457710890.383773, 11.03.16,07:41:30.384, 0,87,128,179
1457710890.421034, 11.03.16,07:41:30.421, 0,113,162,214
1457710890.477549, 11.03.16,07:41:30.478, 0,37,147,139
1457710890.592770, 11.03.16,07:41:30.593, 0,37,218,254
1457710890.711248, 11.03.16,07:41:30.711, 0,96,168,164
1457710890.776794, 11.03.16,07:41:30.777, 0,0,150,98
1457710890.895769, 11.03.16,07:41:30.896, 0,0,256,0
1457710891.019288, 11.03.16,07:41:31.019, 0,71,146,215
1457710891.084550, 11.03.16,07:41:31.085, 0,94,174,171
1457710891.196438, 11.03.16,07:41:31.196, 0,49,174,212
1457710891.316621, 11.03.16,07:41:31.317, 0,86,217,212
1457710891.382138, 11.03.16,07:41:31.382, 0,65,161,169
1457710891.523112, 11.03.16,07:41:31.523, 0,0,80,0
1457710891.672943, 11.03.16,07:41:31.673, 0,118,96,255
1457710891.711063, 11.03.16,07:41:31.711, 0,91,171,209
1457710891.824131, 11.03.16,07:41:31.824, 0,49,171,130
1457710891.887671, 11.03.16,07:41:31.888, 0,49,188,247
1457710892.002407, 11.03.16,07:41:32.002, 0,115,175,181
1457710892.125247, 11.03.16,07:41:32.125, 0,13,160,153
1457710892.213374, 11.03.16,07:41:32.213, 0,0,110,0
1457710892.301574, 11.03.16,07:41:32.302, 0,92,123,218
1457710892.397625, 11.03.16,07:41:32.398, 0,117,151,206
1457710892.512640, 11.03.16,07:41:32.513, 0,53,145,164
1457710892.601918, 11.03.16,07:41:32.602, 0,45,217,250
1457710892.697280, 11.03.16,07:41:32.697, 0,96,168,163
1457710892.842819, 11.03.16,07:41:32.843, 0,0,156,69
1457710892.883854, 11.03.16,07:41:32.884, 0,255,1,255
1457710893.026449, 11.03.16,07:41:33.026, 0,80,165,211
1457710893.090180, 11.03.16,07:41:33.090, 0,22,165,151
1457710893.176030, 11.03.16,07:41:33.176, 0,45,230,233
1457710893.296485, 11.03.16,07:41:33.296, 0,104,186,208
1457710893.411987, 11.03.16,07:41:33.412, 0,45,186,165
1457710893.476028, 11.03.16,07:41:33.476, 0,0,125,0
1457710893.596625, 11.03.16,07:41:33.597, 0,103,158,220
1457710893.711362, 11.03.16,07:41:33.711, 0,95,158,214
1457710893.806888, 11.03.16,07:41:33.807, 0,80,158,153
1457710893.922227, 11.03.16,07:41:33.922, 0,48,189,153
1457710894.012750, 11.03.16,07:41:34.013, 0,101,164,178
1457710894.106572, 11.03.16,07:41:34.107, 0,0,140,122
1457710894.223421, 11.03.16,07:41:34.223, 0,0,87,0
1457710894.334992, 11.03.16,07:41:34.335, 0,94,147,205
1457710894.406125, 11.03.16,07:41:34.406, 0,101,134,186
1457710894.583334, 11.03.16,07:41:34.583, 0,39,145,186
1457710894.618945, 11.03.16,07:41:34.619, 0,49,237,244
1457710894.731703, 11.03.16,07:41:34.732, 0,95,169,156
1457710894.797125, 11.03.16,07:41:34.797, 0,0,159,35
1457710894.929017, 11.03.16,07:41:34.929, 0,0,1,204
1457710895.032143, 11.03.16,07:41:35.032, 0,100,147,218
1457710895.096636, 11.03.16,07:41:35.097, 0,0,195,141
1457710895.212118, 11.03.16,07:41:35.212, 0,0,256,223
1457710895.333413, 11.03.16,07:41:35.333, 0,109,194,206
1457710895.422171, 11.03.16,07:41:35.422, 0,49,181,159
1457710895.513306, 11.03.16,07:41:35.513, 0,0,133,0
1457710895.661541, 11.03.16,07:41:35.662, 0,82,96,200
1457710895.700804, 11.03.16,07:41:35.701, 0,117,155,227
1457710895.786374, 11.03.16,07:41:35.786, 0,46,165,152
1457710895.945651, 11.03.16,07:41:35.946, 0,28,191,255
1457710896.021169, 11.03.16,07:41:36.021, 0,112,168,159
1457710896.086163, 11.03.16,07:41:36.086, 0,0,152,100
1457710896.233035, 11.03.16,07:41:36.233, 0,0,159,0
1457710896.296221, 11.03.16,07:41:36.296, 0,78,143,198
1457710896.416983, 11.03.16,07:41:36.417, 0,88,135,169
1457710896.506617, 11.03.16,07:41:36.507, 0,45,155,176
1457710896.621386, 11.03.16,07:41:36.621, 0,45,234,239
1457710896.686168, 11.03.16,07:41:36.686, 0,93,174,157
1457710896.834486, 11.03.16,07:41:36.834, 0,0,157,40
1457710896.933185, 11.03.16,07:41:36.933, 0,255,113,255
1457710897.012236, 11.03.16,07:41:37.012, 0,108,151,224
1457710897.106555, 11.03.16,07:41:37.107, 0,32,177,161
1457710897.221239, 11.03.16,07:41:37.221, 0,32,231,241
1457710897.316626, 11.03.16,07:41:37.317, 0,111,210,207
1457710897.431421, 11.03.16,07:41:37.431, 0,55,182,207
1457710897.496949, 11.03.16,07:41:37.497, 0,0,125,0
1457710897.616196, 11.03.16,07:41:37.616, 0,68,72,183
1457710897.761846, 11.03.16,07:41:37.762, 0,117,161,183
1457710897.801666, 11.03.16,07:41:37.802, 0,4,155,142
1457710897.952201, 11.03.16,07:41:37.952, 0,34,204,254
1457710898.006830, 11.03.16,07:41:38.007, 0,103,162,254
1457710898.124935, 11.03.16,07:41:38.125, 0,0,149,105
1457710898.216657, 11.03.16,07:41:38.217, 0,0,256,0
1457710898.331872, 11.03.16,07:41:38.332, 0,68,141,0
1457710898.452378, 11.03.16,07:41:38.452, 0,94,141,162
1457710898.541354, 11.03.16,07:41:38.541, 0,40,155,195
1457710898.631445, 11.03.16,07:41:38.631, 0,76,228,229
1457710898.697118, 11.03.16,07:41:38.697, 0,82,165,154
1457710898.846687, 11.03.16,07:41:38.847, 0,0,119,0
1457710898.998477, 11.03.16,07:41:38.998, 0,0,104,121
1457710899.038286, 11.03.16,07:41:39.038, 0,91,161,218
1457710899.143644, 11.03.16,07:41:39.144, 0,0,201,141
1457710899.206906, 11.03.16,07:41:39.207, 0,28,186,255
1457710899.321819, 11.03.16,07:41:39.322, 0,116,178,189
1457710899.442748, 11.03.16,07:41:39.443, 0,41,178,161
1457710899.507001, 11.03.16,07:41:39.507, 0,0,111,0
1457710899.721287, 11.03.16,07:41:39.721, 0,83,123,203
1457710899.942028, 11.03.16,07:41:39.942, 0,112,156,203
1457710899.951795, 11.03.16,07:41:39.952, 0,72,145,155
1457710899.961702, 11.03.16,07:41:39.962, 0,19,220,255
1457710900.032353, 11.03.16,07:41:40.032, 0,93,163,175
1457710900.136131, 11.03.16,07:41:40.136, 0,0,150,105
1457710900.343217, 11.03.16,07:41:40.343, 0,0,256,61
1457710900.414889, 11.03.16,07:41:40.415, 0,69,152,204
1457710900.452617, 11.03.16,07:41:40.453, 0,59,163,157
1457710900.526657, 11.03.16,07:41:40.527, 0,59,189,205
1457710900.677212, 11.03.16,07:41:40.677, 0,74,189,235
1457710900.740694, 11.03.16,07:41:40.741, 0,74,160,179
1457710900.856587, 11.03.16,07:41:40.857, 0,0,126,0
1457710900.920447, 11.03.16,07:41:40.920, 0,110,86,251
1457710901.096002, 11.03.16,07:41:41.096, 0,85,156,216
1457710901.137445, 11.03.16,07:41:41.137, 0,4,170,129
1457710901.241873, 11.03.16,07:41:41.242, 0,57,159,243
1457710901.332440, 11.03.16,07:41:41.332, 0,113,184,193
1457710901.426892, 11.03.16,07:41:41.427, 0,47,178,172
1457710901.544250, 11.03.16,07:41:41.544, 0,0,106,0
1457710901.662436, 11.03.16,07:41:41.662, 0,67,153,158
1457710901.751974, 11.03.16,07:41:41.752, 0,116,160,205
1457710901.876998, 11.03.16,07:41:41.877, 0,63,122,132
1457710901.948563, 11.03.16,07:41:41.949, 0,39,181,248
1457710902.026332, 11.03.16,07:41:42.026, 0,98,165,174
1457710902.116939, 11.03.16,07:41:42.117, 0,0,149,137
1457710902.263860, 11.03.16,07:41:42.264, 0,0,104,0
1457710902.353229, 11.03.16,07:41:42.353, 0,96,118,0
1457710902.417040, 11.03.16,07:41:42.417, 0,112,150,197
1457710902.561627, 11.03.16,07:41:42.562, 0,76,131,171
1457710902.651603, 11.03.16,07:41:42.652, 0,45,240,171
1457710902.716855, 11.03.16,07:41:42.717, 0,100,156,160
1457710902.836931, 11.03.16,07:41:42.837, 0,0,156,52
1457710902.984524, 11.03.16,07:41:42.985, 0,105,77,52
1457710903.031360, 11.03.16,07:41:43.031, 0,89,148,210
1457710903.137132, 11.03.16,07:41:43.137, 0,27,164,146
1457710903.251504, 11.03.16,07:41:43.252, 0,48,229,146
1457710903.361062, 11.03.16,07:41:43.361, 0,113,197,209
1457710903.437101, 11.03.16,07:41:43.437, 0,60,206,147
1457710903.526956, 11.03.16,07:41:43.527, 0,0,122,0
1457710903.617027, 11.03.16,07:41:43.617, 0,56,39,157
1457710903.737031, 11.03.16,07:41:43.737, 0,115,164,216
1457710903.853053, 11.03.16,07:41:43.853, 0,20,150,148
1457710903.920325, 11.03.16,07:41:43.920, 0,39,174,252
1457710904.062210, 11.03.16,07:41:44.062, 0,113,157,169
1457710904.127947, 11.03.16,07:41:44.128, 0,0,157,125
1457710904.244438, 11.03.16,07:41:44.244, 0,0,6,0
1457710904.334978, 11.03.16,07:41:44.335, 0,93,143,214
1457710904.451286, 11.03.16,07:41:44.451, 0,99,143,179
1457710904.571637, 11.03.16,07:41:44.572, 0,46,161,179
1457710904.661584, 11.03.16,07:41:44.662, 0,59,221,243
1457710904.751288, 11.03.16,07:41:44.751, 0,97,173,154
1457710904.817221, 11.03.16,07:41:44.817, 0,0,150,26
1457710904.967684, 11.03.16,07:41:44.968, 0,201,116,255
1457710905.054924, 11.03.16,07:41:45.055, 0,92,149,210
1457710905.116568, 11.03.16,07:41:45.117, 0,13,175,152
1457710905.261459, 11.03.16,07:41:45.261, 0,0,256,227
1457710905.327913, 11.03.16,07:41:45.328, 0,109,184,202
1457710905.416826, 11.03.16,07:41:45.417, 0,48,184,163
1457710905.536665, 11.03.16,07:41:45.537, 0,0,91,0
1457710905.775844, 11.03.16,07:41:45.776, 0,90,60,206
1457710905.784755, 11.03.16,07:41:45.785, 0,113,154,218
1457710905.837353, 11.03.16,07:41:45.837, 0,25,167,155
1457710905.972825, 11.03.16,07:41:45.973, 0,25,212,255
1457710906.046946, 11.03.16,07:41:46.047, 0,97,162,170
1457710906.138021, 11.03.16,07:41:46.138, 0,0,138,170
1457710906.226640, 11.03.16,07:41:46.227, 0,0,256,0
1457710906.348458, 11.03.16,07:41:46.348, 0,72,150,205
1457710906.462269, 11.03.16,07:41:46.462, 0,103,157,205
1457710906.553402, 11.03.16,07:41:46.553, 0,53,216,207
1457710906.676962, 11.03.16,07:41:46.677, 0,93,198,207
1457710906.740955, 11.03.16,07:41:46.741, 0,67,173,207
1457710906.857618, 11.03.16,07:41:46.858, 0,0,98,0
1457710906.950661, 11.03.16,07:41:46.951, 0,111,135,230
1457710907.097178, 11.03.16,07:41:47.097, 0,84,153,214
1457710907.133098, 11.03.16,07:41:47.133, 0,0,183,149
1457710907.272255, 11.03.16,07:41:47.272, 0,29,157,255
1457710907.336465, 11.03.16,07:41:47.336, 0,104,174,170
1457710907.452216, 11.03.16,07:41:47.452, 0,13,156,131
1457710907.575051, 11.03.16,07:41:47.575, 0,0,117,0
1457710907.636744, 11.03.16,07:41:47.637, 0,103,141,233
1457710907.726804, 11.03.16,07:41:47.727, 0,103,141,189
1457710907.873029, 11.03.16,07:41:47.873, 0,68,155,182
1457710907.991769, 11.03.16,07:41:47.992, 0,60,242,251
1457710908.030384, 11.03.16,07:41:48.030, 0,91,171,155
1457710908.175995, 11.03.16,07:41:48.176, 0,0,153,22
1457710908.265460, 11.03.16,07:41:48.265, 0,255,256,255
1457710908.326497, 11.03.16,07:41:48.326, 0,97,156,217
1457710908.473150, 11.03.16,07:41:48.473, 0,11,219,150
1457710908.562104, 11.03.16,07:41:48.562, 0,0,243,240
1457710908.652437, 11.03.16,07:41:48.652, 0,109,190,199
1457710908.747646, 11.03.16,07:41:48.748, 0,60,190,156
1457710908.866008, 11.03.16,07:41:48.866, 0,0,113,0
1457710908.984667, 11.03.16,07:41:48.985, 0,88,104,199
1457710909.072874, 11.03.16,07:41:49.073, 0,112,160,214
1457710909.141645, 11.03.16,07:41:49.142, 0,20,144,158
1457710909.282031, 11.03.16,07:41:49.282, 0,46,203,252
1457710909.372447, 11.03.16,07:41:49.372, 0,103,166,252
1457710909.437840, 11.03.16,07:41:49.438, 0,0,156,110
1457710909.584729, 11.03.16,07:41:49.585, 0,64,256,43
1457710909.674409, 11.03.16,07:41:49.674, 0,79,118,43
1457710909.761443, 11.03.16,07:41:49.761, 0,95,147,173
1457710909.882397, 11.03.16,07:41:49.882, 0,22,147,187
1457710909.950320, 11.03.16,07:41:49.950, 0,69,216,238
1457710910.066063, 11.03.16,07:41:50.066, 0,77,171,166
1457710910.156974, 11.03.16,07:41:50.157, 0,0,113,0
1457710910.274622, 11.03.16,07:41:50.275, 0,0,182,93
1457710910.337092, 11.03.16,07:41:50.337, 0,86,151,210
1457710910.482432, 11.03.16,07:41:50.482, 0,0,211,137
1457710910.571872, 11.03.16,07:41:50.572, 0,36,211,255
1457710910.661663, 11.03.16,07:41:50.662, 0,107,166,188
1457710910.781997, 11.03.16,07:41:50.782, 0,18,152,140
1457710910.847867, 11.03.16,07:41:50.848, 0,0,105,0
1457710910.938367, 11.03.16,07:41:50.938, 0,90,120,209
1457710911.057203, 11.03.16,07:41:51.057, 0,107,151,209
1457710911.173243, 11.03.16,07:41:51.173, 0,48,136,169
1457710911.267201, 11.03.16,07:41:51.267, 0,40,222,251
1457710911.382818, 11.03.16,07:41:51.383, 0,102,159,156
1457710911.472482, 11.03.16,07:41:51.472, 0,0,169,63
1457710911.537338, 11.03.16,07:41:51.537, 0,0,256,122
1457710911.657864, 11.03.16,07:41:51.658, 0,69,156,206
1457710911.746728, 11.03.16,07:41:51.747, 0,101,148,174
1457710911.893042, 11.03.16,07:41:51.893, 0,43,148,205
1457710911.958843, 11.03.16,07:41:51.959, 0,94,189,218
1457710912.071575, 11.03.16,07:41:52.072, 0,76,172,164
1457710912.195447, 11.03.16,07:41:52.195, 0,0,135,0
1457710912.287290, 11.03.16,07:41:52.287, 0,123,106,0
1457710912.375485, 11.03.16,07:41:52.375, 0,94,165,216
1457710912.467666, 11.03.16,07:41:52.468, 0,42,136,144
1457710912.581690, 11.03.16,07:41:52.582, 0,51,194,144
1457710912.647813, 11.03.16,07:41:52.648, 0,109,166,181
1457710912.767009, 11.03.16,07:41:52.767, 0,0,151,132
1457710912.885347, 11.03.16,07:41:52.885, 0,0,106,0
1457710912.979017, 11.03.16,07:41:52.979, 0,83,131,213
1457710913.066826, 11.03.16,07:41:53.067, 0,114,150,195
1457710913.213335, 11.03.16,07:41:53.213, 0,40,157,162
1457710913.252584, 11.03.16,07:41:53.253, 0,33,209,250
1457710913.367232, 11.03.16,07:41:53.367, 0,105,163,159
1457710913.482746, 11.03.16,07:41:53.483, 0,0,135,76
1457710913.547390, 11.03.16,07:41:53.547, 0,0,1,0
1457710913.667310, 11.03.16,07:41:53.667, 0,80,144,207
1457710913.781721, 11.03.16,07:41:53.782, 0,108,156,177
1457710913.873308, 11.03.16,07:41:53.873, 0,50,179,213
1457710913.992654, 11.03.16,07:41:53.993, 0,88,197,213
1457710914.060338, 11.03.16,07:41:54.060, 0,68,177,165
1457710914.146755, 11.03.16,07:41:54.147, 0,0,122,0
1457710914.266734, 11.03.16,07:41:54.267, 0,123,116,219
1457710914.471704, 11.03.16,07:41:54.472, 0,88,155,212
1457710914.511346, 11.03.16,07:41:54.511, 0,25,177,139
1457710914.567361, 11.03.16,07:41:54.567, 0,51,190,139
1457710914.681827, 11.03.16,07:41:54.682, 0,105,169,180
1457710914.777291, 11.03.16,07:41:54.777, 0,0,149,119
1457710914.897321, 11.03.16,07:41:54.897, 0,0,1,0
1457710914.984431, 11.03.16,07:41:54.984, 0,83,169,192
1457710915.107131, 11.03.16,07:41:55.107, 0,92,135,165
1457710915.173544, 11.03.16,07:41:55.174, 0,55,156,165
1457710915.257487, 11.03.16,07:41:55.257, 0,70,228,249
1457710915.403320, 11.03.16,07:41:55.403, 0,86,160,163
1457710915.467583, 11.03.16,07:41:55.468, 0,0,138,2
1457710915.584501, 11.03.16,07:41:55.585, 0,253,256,255
1457710915.701769, 11.03.16,07:41:55.702, 0,92,171,214
1457710915.791870, 11.03.16,07:41:55.792, 0,11,224,148
1457710915.857578, 11.03.16,07:41:55.858, 0,0,236,254
1457710915.977006, 11.03.16,07:41:55.977, 0,106,177,195
1457710916.091705, 11.03.16,07:41:56.092, 0,55,177,157
1457710916.157628, 11.03.16,07:41:56.158, 0,0,73,0
1457710916.277128, 11.03.16,07:41:56.277, 0,74,152,191
1457710916.423903, 11.03.16,07:41:56.424, 0,114,152,212
1457710916.461405, 11.03.16,07:41:56.461, 0,46,152,166
1457710916.607271, 11.03.16,07:41:56.607, 0,46,250,254
1457710916.671374, 11.03.16,07:41:56.671, 0,99,153,157
1457710916.756772, 11.03.16,07:41:56.757, 0,0,161,61
1457710916.877537, 11.03.16,07:41:56.878, 0,255,1,255
1457710916.997643, 11.03.16,07:41:56.998, 0,80,134,207
1457710917.087059, 11.03.16,07:41:57.087, 0,64,166,166
1457710917.202269, 11.03.16,07:41:57.202, 0,40,208,166
1457710917.266665, 11.03.16,07:41:57.267, 0,113,208,218
1457710917.412496, 11.03.16,07:41:57.412, 0,68,157,176
1457710917.482223, 11.03.16,07:41:57.482, 0,0,129,176
1457710917.567426, 11.03.16,07:41:57.567, 0,95,142,204
1457710917.716718, 11.03.16,07:41:57.717, 0,95,158,213
1457710917.782043, 11.03.16,07:41:57.782, 0,29,176,213
1457710917.922081, 11.03.16,07:41:57.922, 0,40,185,255
1457710917.985879, 11.03.16,07:41:57.986, 0,116,164,177
1457710918.077454, 11.03.16,07:41:58.077, 0,11,141,177
1457710918.195457, 11.03.16,07:41:58.195, 0,0,9,0
1457710918.317366, 11.03.16,07:41:58.317, 0,82,156,197
1457710918.431763, 11.03.16,07:41:58.432, 0,90,137,197
1457710918.470962, 11.03.16,07:41:58.471, 0,65,144,177
1457710918.612075, 11.03.16,07:41:58.612, 0,80,219,234
1457710918.701997, 11.03.16,07:41:58.702, 0,80,168,164
1457710918.767697, 11.03.16,07:41:58.768, 0,0,104,0
1457710918.888700, 11.03.16,07:41:58.889, 0,255,256,255
1457710919.095017, 11.03.16,07:41:59.095, 0,104,145,216
1457710919.160093, 11.03.16,07:41:59.160, 0,15,208,152
1457710919.200642, 11.03.16,07:41:59.201, 0,0,235,255
1457710919.277151, 11.03.16,07:41:59.277, 0,111,181,208
1457710919.393006, 11.03.16,07:41:59.393, 0,33,181,164
1457710919.487635, 11.03.16,07:41:59.488, 0,0,114,0
1457710919.604651, 11.03.16,07:41:59.605, 0,81,114,215
1457710919.757599, 11.03.16,07:41:59.758, 0,110,157,205
1457710919.794003, 11.03.16,07:41:59.794, 0,35,139,149
1457710919.878817, 11.03.16,07:41:59.879, 0,45,214,254
1457710919.967352, 11.03.16,07:41:59.967, 0,108,168,165
1457710920.088174, 11.03.16,07:42:00.088, 0,0,129,80
1457710920.228065, 11.03.16,07:42:00.228, 0,255,1,255
1457710920.315633, 11.03.16,07:42:00.316, 0,88,146,214
1457710920.447506, 11.03.16,07:42:00.448, 0,31,160,158
1457710920.534145, 11.03.16,07:42:00.534, 0,0,256,212
1457710920.599693, 11.03.16,07:42:00.600, 0,92,195,225
1457710920.712085, 11.03.16,07:42:00.712, 0,54,176,225
1457710920.805630, 11.03.16,07:42:00.806, 0,0,140,0
1457710920.898169, 11.03.16,07:42:00.898, 0,62,125,161
1457710921.074604, 11.03.16,07:42:01.075, 0,89,159,161
1457710921.111068, 11.03.16,07:42:01.111, 0,19,184,147
1457710921.221957, 11.03.16,07:42:01.222, 0,66,184,255
1457710921.288107, 11.03.16,07:42:01.288, 0,115,163,255
1457710921.402968, 11.03.16,07:42:01.403, 0,6,163,148
1457710921.525446, 11.03.16,07:42:01.525, 0,0,116,0
1457710921.587705, 11.03.16,07:42:01.588, 0,83,124,196
1457710921.677249, 11.03.16,07:42:01.677, 0,108,154,196
1457710921.853363, 11.03.16,07:42:01.853, 0,52,154,148
1457710921.895574, 11.03.16,07:42:01.896, 0,31,224,252
1457710921.977801, 11.03.16,07:42:01.978, 0,90,167,161
1457710922.098204, 11.03.16,07:42:02.098, 0,0,167,99
1457710922.216483, 11.03.16,07:42:02.216, 0,0,256,178
1457710922.307366, 11.03.16,07:42:02.307, 0,90,139,206
1457710922.427570, 11.03.16,07:42:02.428, 0,90,151,176
1457710922.492333, 11.03.16,07:42:02.492, 0,27,137,191
1457710922.602451, 11.03.16,07:42:02.602, 0,74,214,237
1457710922.727087, 11.03.16,07:42:02.727, 0,74,160,159
1457710922.790325, 11.03.16,07:42:02.790, 0,88,160,159
1457710922.877401, 11.03.16,07:42:02.877, 0,0,98,0
1457710922.997395, 11.03.16,07:42:02.997, 0,93,256,162
1457710923.087635, 11.03.16,07:42:03.088, 0,93,135,216
1457710923.176797, 11.03.16,07:42:03.177, 0,7,221,145
1457710923.297699, 11.03.16,07:42:03.298, 0,56,197,255
1457710923.387419, 11.03.16,07:42:03.387, 0,113,178,196
1457710923.505478, 11.03.16,07:42:03.505, 0,49,178,144
1457710923.685452, 11.03.16,07:42:03.685, 0,0,113,0
1457710923.726623, 11.03.16,07:42:03.727, 0,82,156,192
1457710923.894830, 11.03.16,07:42:03.895, 0,109,156,218
1457710923.903615, 11.03.16,07:42:03.904, 0,26,141,218
1457710923.989326, 11.03.16,07:42:03.989, 0,69,208,255
1457710924.107227, 11.03.16,07:42:04.107, 0,108,154,164
1457710924.198057, 11.03.16,07:42:04.198, 0,0,154,104
1457710924.314888, 11.03.16,07:42:04.315, 0,0,256,123
1457710924.407452, 11.03.16,07:42:04.407, 0,86,142,199
1457710924.552708, 11.03.16,07:42:04.553, 0,100,142,175
1457710924.591747, 11.03.16,07:42:04.592, 0,7,164,195
1457710924.707300, 11.03.16,07:42:04.707, 0,76,220,228
1457710924.822501, 11.03.16,07:42:04.823, 0,89,173,228
1457710924.887849, 11.03.16,07:42:04.888, 0,0,104,0
1457710925.033907, 11.03.16,07:42:05.034, 0,28,129,161
1457710925.097588, 11.03.16,07:42:05.098, 0,81,163,161
1457710925.186889, 11.03.16,07:42:05.187, 0,0,190,141
1457710925.332360, 11.03.16,07:42:05.332, 0,44,190,255
1457710925.397502, 11.03.16,07:42:05.398, 0,116,173,190
1457710925.515855, 11.03.16,07:42:05.516, 0,29,173,143
1457710925.696234, 11.03.16,07:42:05.696, 0,0,256,0
1457710925.733654, 11.03.16,07:42:05.734, 0,97,162,212
1457710925.817360, 11.03.16,07:42:05.817, 0,107,143,200
1457710925.966561, 11.03.16,07:42:05.967, 0,46,143,162
1457710926.006144, 11.03.16,07:42:06.006, 0,18,246,254
1457710926.112160, 11.03.16,07:42:06.112, 0,95,169,164
1457710926.207481, 11.03.16,07:42:06.207, 0,0,154,88
1457710926.298336, 11.03.16,07:42:06.298, 0,0,87,0
1457710926.442509, 11.03.16,07:42:06.443, 0,86,126,203
1457710926.532689, 11.03.16,07:42:06.533, 0,96,151,160
1457710926.598434, 11.03.16,07:42:06.598, 0,21,173,201
1457710926.713109, 11.03.16,07:42:06.713, 0,82,213,229
1457710926.807474, 11.03.16,07:42:06.807, 0,68,170,160
1457710926.935064, 11.03.16,07:42:06.935, 0,0,125,0
1457710926.987017, 11.03.16,07:42:06.987, 0,139,141,250
1457710927.132509, 11.03.16,07:42:07.133, 0,85,160,210
1457710927.223452, 11.03.16,07:42:07.223, 0,0,204,158
1457710927.317373, 11.03.16,07:42:07.317, 0,33,224,255
1457710927.407607, 11.03.16,07:42:07.408, 0,110,170,255
1457710927.497678, 11.03.16,07:42:07.498, 0,11,152,140
1457710927.617504, 11.03.16,07:42:07.618, 0,0,92,0
1457710927.707156, 11.03.16,07:42:07.707, 0,102,148,0
1457710927.822820, 11.03.16,07:42:07.823, 0,102,138,190
1457710927.918442, 11.03.16,07:42:07.918, 0,48,170,183
1457710928.062549, 11.03.16,07:42:08.063, 0,61,244,183
1457710928.101218, 11.03.16,07:42:08.101, 0,96,160,158
1457710928.217928, 11.03.16,07:42:08.218, 0,0,160,40
1457710928.334445, 11.03.16,07:42:08.334, 0,0,7,213
1457710928.423108, 11.03.16,07:42:08.423, 0,99,151,205
1457710928.517677, 11.03.16,07:42:08.518, 0,47,183,153
1457710928.637581, 11.03.16,07:42:08.638, 0,22,198,210
1457710928.702153, 11.03.16,07:42:08.702, 0,123,187,210
1457710928.844421, 11.03.16,07:42:08.844, 0,60,180,171
1457710928.949022, 11.03.16,07:42:08.949, 0,0,103,0
1457710928.997930, 11.03.16,07:42:08.998, 0,89,61,194
1457710929.176160, 11.03.16,07:42:09.176, 0,110,153,211
1457710929.216365, 11.03.16,07:42:09.216, 0,15,146,160
1457710929.324354, 11.03.16,07:42:09.324, 0,53,209,255
1457710929.442186, 11.03.16,07:42:09.442, 0,106,157,175
1457710929.536007, 11.03.16,07:42:09.536, 0,0,149,110
1457710929.597143, 11.03.16,07:42:09.597, 0,49,184,28
1457710929.803528, 11.03.16,07:42:09.804, 0,86,141,209
1457710929.841475, 11.03.16,07:42:09.841, 0,93,141,158
1457710929.990320, 11.03.16,07:42:09.990, 0,35,141,193
1457710930.029658, 11.03.16,07:42:10.030, 0,79,214,193
1457710930.132319, 11.03.16,07:42:10.132, 0,79,170,166
1457710930.254449, 11.03.16,07:42:10.254, 0,0,134,0
1457710930.344557, 11.03.16,07:42:10.345, 0,51,233,0
1457710930.408424, 11.03.16,07:42:10.408, 0,89,136,208
1457710930.527544, 11.03.16,07:42:10.528, 0,23,221,147
1457710930.647769, 11.03.16,07:42:10.648, 0,0,250,247
1457710930.711582, 11.03.16,07:42:10.712, 0,108,177,194
1457710930.854535, 11.03.16,07:42:10.855, 0,42,177,145
1457710930.958286, 11.03.16,07:42:10.958, 0,0,98,0
1457710931.093013, 11.03.16,07:42:11.093, 0,84,136,199
1457710931.156822, 11.03.16,07:42:11.157, 0,117,158,210
1457710931.222418, 11.03.16,07:42:11.222, 0,39,142,157
1457710931.307256, 11.03.16,07:42:11.307, 0,39,232,254
1457710931.452225, 11.03.16,07:42:11.452, 0,102,156,159
1457710931.517886, 11.03.16,07:42:11.518, 0,0,145,73
1457710931.634964, 11.03.16,07:42:11.635, 0,255,1,255
1457710931.782461, 11.03.16,07:42:11.782, 0,82,142,211
1457710931.822489, 11.03.16,07:42:11.822, 0,38,174,154
1457710931.938660, 11.03.16,07:42:11.939, 0,53,205,222
1457710932.051991, 11.03.16,07:42:12.052, 0,107,205,215
1457710932.142158, 11.03.16,07:42:12.142, 0,55,183,164
1457710932.207585, 11.03.16,07:42:12.208, 0,0,80,0
1457710932.328368, 11.03.16,07:42:12.328, 0,40,67,164
1457710932.442127, 11.03.16,07:42:12.442, 0,105,155,215
1457710932.653790, 11.03.16,07:42:12.654, 0,13,155,141
1457710932.662590, 11.03.16,07:42:12.663, 0,36,202,141
1457710932.729361, 11.03.16,07:42:12.729, 0,98,167,180
1457710932.837717, 11.03.16,07:42:12.838, 0,0,153,115
1457710932.930122, 11.03.16,07:42:12.930, 0,0,256,62
1457710933.047268, 11.03.16,07:42:13.047, 0,81,143,200
1457710933.165362, 11.03.16,07:42:13.165, 0,96,158,171
1457710933.314390, 11.03.16,07:42:13.314, 0,34,150,171
1457710933.323256, 11.03.16,07:42:13.323, 0,81,205,228
1457710933.462411, 11.03.16,07:42:13.462, 0,81,171,163
1457710933.555445, 11.03.16,07:42:13.555, 0,0,114,0
1457710933.618648, 11.03.16,07:42:13.619, 0,50,97,195
1457710933.738259, 11.03.16,07:42:13.738, 0,81,144,215
1457710933.853567, 11.03.16,07:42:13.854, 0,0,203,130
1457710933.956324, 11.03.16,07:42:13.956, 0,21,182,255
1457710934.038020, 11.03.16,07:42:14.038, 0,109,169,187
1457710934.127574, 11.03.16,07:42:14.128, 0,3,162,143
1457710934.218306, 11.03.16,07:42:14.218, 0,3,256,0
1457710934.394571, 11.03.16,07:42:14.395, 0,94,161,191
1457710934.432470, 11.03.16,07:42:14.432, 0,101,144,191
1457710934.517623, 11.03.16,07:42:14.518, 0,61,170,178
1457710934.662084, 11.03.16,07:42:14.662, 0,61,236,246
1457710934.752831, 11.03.16,07:42:14.753, 0,61,177,160
1457710934.875904, 11.03.16,07:42:14.876, 0,0,163,28
1457710934.971670, 11.03.16,07:42:14.972, 0,178,124,240
1457710935.085532, 11.03.16,07:42:15.086, 0,98,143,210
1457710935.178263, 11.03.16,07:42:15.178, 0,3,180,144
1457710935.292609, 11.03.16,07:42:15.293, 0,16,237,227
1457710935.332203, 11.03.16,07:42:15.332, 0,112,173,201
1457710935.417239, 11.03.16,07:42:15.417, 0,45,193,159
1457710935.538062, 11.03.16,07:42:15.538, 0,0,99,0
1457710935.654067, 11.03.16,07:42:15.654, 0,92,131,201
1457710935.747628, 11.03.16,07:42:15.748, 0,123,160,212
1457710935.867972, 11.03.16,07:42:15.868, 0,27,160,151
1457710935.962420, 11.03.16,07:42:15.962, 0,46,217,255
1457710936.043654, 11.03.16,07:42:16.044, 0,103,167,168
1457710936.167689, 11.03.16,07:42:16.168, 0,0,151,92
1457710936.256311, 11.03.16,07:42:16.256, 0,0,32,0
1457710936.405442, 11.03.16,07:42:16.405, 0,70,153,196
1457710936.442953, 11.03.16,07:42:16.443, 0,104,153,155
1457710936.553312, 11.03.16,07:42:16.553, 0,57,173,193
1457710936.672561, 11.03.16,07:42:16.673, 0,78,228,227
1457710936.763154, 11.03.16,07:42:16.763, 0,78,169,171
1457710936.856820, 11.03.16,07:42:16.857, 0,0,116,0
1457710936.980811, 11.03.16,07:42:16.981, 0,48,70,181
1457710937.093549, 11.03.16,07:42:17.094, 0,87,158,181
1457710937.158727, 11.03.16,07:42:17.159, 0,0,194,138
1457710937.248235, 11.03.16,07:42:17.248, 0,26,194,255
1457710937.363702, 11.03.16,07:42:17.364, 0,110,179,187
1457710937.427743, 11.03.16,07:42:17.428, 0,5,170,141
1457710937.576012, 11.03.16,07:42:17.576, 0,5,128,0
1457710937.662820, 11.03.16,07:42:17.663, 0,97,161,206
1457710937.758381, 11.03.16,07:42:17.758, 0,97,146,169
1457710937.874431, 11.03.16,07:42:17.874, 0,60,139,178
1457710937.968450, 11.03.16,07:42:17.968, 0,60,231,234
1457710938.031380, 11.03.16,07:42:18.031, 0,85,177,157
1457710938.177261, 11.03.16,07:42:18.177, 0,0,155,15
1457710938.268052, 11.03.16,07:42:18.268, 0,255,256,255
1457710938.335576, 11.03.16,07:42:18.336, 0,97,162,218
1457710938.503069, 11.03.16,07:42:18.503, 0,6,212,137
1457710938.568250, 11.03.16,07:42:18.568, 0,61,228,211
1457710938.632118, 11.03.16,07:42:18.632, 0,115,188,203
1457710938.802840, 11.03.16,07:42:18.803, 0,51,188,158
1457710938.843275, 11.03.16,07:42:18.843, 0,0,96,0
1457710938.957808, 11.03.16,07:42:18.958, 0,81,145,178
1457710939.073842, 11.03.16,07:42:19.074, 0,105,145,211
1457710939.137966, 11.03.16,07:42:19.138, 0,15,156,150
1457710939.257604, 11.03.16,07:42:19.258, 0,51,216,255
1457710939.347690, 11.03.16,07:42:19.348, 0,100,165,255
1457710939.437772, 11.03.16,07:42:19.438, 0,0,165,81
1457710939.585566, 11.03.16,07:42:19.586, 0,0,256,153
1457710939.672492, 11.03.16,07:42:19.672, 0,77,143,153
1457710939.762390, 11.03.16,07:42:19.762, 0,96,143,168
1457710939.882665, 11.03.16,07:42:19.883, 0,47,151,198
1457710939.948297, 11.03.16,07:42:19.948, 0,85,205,198
1457710940.066591, 11.03.16,07:42:20.067, 0,73,179,160
1457710940.186795, 11.03.16,07:42:20.187, 0,0,118,0
1457710940.278225, 11.03.16,07:42:20.278, 0,119,124,226
1457710940.399270, 11.03.16,07:42:20.399, 0,91,157,205
1457710940.470733, 11.03.16,07:42:20.471, 0,39,145,135
1457710940.573931, 11.03.16,07:42:20.574, 0,26,206,255
1457710940.662866, 11.03.16,07:42:20.663, 0,103,168,177
1457710940.758759, 11.03.16,07:42:20.759, 0,3,157,139
1457710940.848086, 11.03.16,07:42:20.848, 0,3,256,0
1457710940.937749, 11.03.16,07:42:20.938, 0,101,147,213
1457710941.081942, 11.03.16,07:42:21.082, 0,101,141,176
1457710941.174280, 11.03.16,07:42:21.174, 0,73,141,176
1457710941.238013, 11.03.16,07:42:21.238, 0,51,236,247
1457710941.382998, 11.03.16,07:42:21.383, 0,79,177,164
1457710941.475872, 11.03.16,07:42:21.476, 0,0,153,18
1457710941.565846, 11.03.16,07:42:21.566, 0,58,1,255
1457710941.658180, 11.03.16,07:42:21.658, 0,93,162,203
1457710941.772353, 11.03.16,07:42:21.772, 0,42,168,150
1457710941.838071, 11.03.16,07:42:21.838, 0,36,180,204
1457710941.959530, 11.03.16,07:42:21.960, 0,99,188,212
1457710942.072432, 11.03.16,07:42:22.072, 0,60,170,165
1457710942.166695, 11.03.16,07:42:22.167, 0,0,127,0
1457710942.284934, 11.03.16,07:42:22.285, 0,60,61,150
1457710942.378142, 11.03.16,07:42:22.378, 0,98,154,215
1457710942.441711, 11.03.16,07:42:22.442, 0,45,160,138
1457710942.613289, 11.03.16,07:42:22.613, 0,45,195,255
1457710942.652479, 11.03.16,07:42:22.652, 0,108,162,186
1457710942.737427, 11.03.16,07:42:22.737, 0,0,154,131
1457710942.890068, 11.03.16,07:42:22.890, 0,0,256,32
1457710943.002560, 11.03.16,07:42:23.003, 0,67,145,200
1457710943.091971, 11.03.16,07:42:23.092, 0,89,156,162
1457710943.157843, 11.03.16,07:42:23.158, 0,0,230,162
1457710943.272494, 11.03.16,07:42:23.272, 0,78,230,162
1457710943.392726, 11.03.16,07:42:23.393, 0,70,175,164
1457710943.458204, 11.03.16,07:42:23.458, 0,0,100,164
1457710943.575210, 11.03.16,07:42:23.575, 0,132,107,241
1457710943.723336, 11.03.16,07:42:23.723, 0,88,162,206
1457710943.762634, 11.03.16,07:42:23.763, 0,0,207,206
1457710943.872657, 11.03.16,07:42:23.873, 0,28,207,255
1457710943.992758, 11.03.16,07:42:23.993, 0,99,175,184
1457710944.081939, 11.03.16,07:42:24.082, 0,0,152,115
1457710944.177320, 11.03.16,07:42:24.177, 0,0,37,0
1457710944.267784, 11.03.16,07:42:24.268, 0,95,148,205
1457710944.357843, 11.03.16,07:42:24.358, 0,95,148,180
1457710944.447857, 11.03.16,07:42:24.448, 0,52,164,180
1457710944.593677, 11.03.16,07:42:24.594, 0,52,225,245
1457710944.661699, 11.03.16,07:42:24.662, 0,91,160,160
1457710944.748020, 11.03.16,07:42:24.748, 0,0,129,0
1457710944.868136, 11.03.16,07:42:24.868, 0,0,205,63
1457710944.982278, 11.03.16,07:42:24.982, 0,86,160,216
1457710945.075835, 11.03.16,07:42:25.076, 0,0,220,149
1457710945.168502, 11.03.16,07:42:25.169, 0,38,220,255
1457710945.282839, 11.03.16,07:42:25.283, 0,118,179,187
1457710945.373329, 11.03.16,07:42:25.373, 0,19,179,148
1457710945.496212, 11.03.16,07:42:25.496, 0,0,256,0
1457710945.587761, 11.03.16,07:42:25.588, 0,104,146,229
1457710945.657916, 11.03.16,07:42:25.658, 0,111,139,199
1457710945.792881, 11.03.16,07:42:25.793, 0,39,139,171
1457710945.882925, 11.03.16,07:42:25.883, 0,59,235,249
1457710945.951714, 11.03.16,07:42:25.952, 0,96,170,158
1457710946.067976, 11.03.16,07:42:26.068, 0,0,157,9
1457710946.158202, 11.03.16,07:42:26.158, 0,165,157,235
1457710946.302564, 11.03.16,07:42:26.303, 0,94,165,217
1457710946.368197, 11.03.16,07:42:26.368, 0,0,229,142
1457710946.483505, 11.03.16,07:42:26.484, 0,0,255,255
1457710946.573576, 11.03.16,07:42:26.574, 0,100,186,203
1457710946.692962, 11.03.16,07:42:26.693, 0,48,168,159
1457710946.785165, 11.03.16,07:42:26.785, 0,0,118,0
1457710946.848711, 11.03.16,07:42:26.849, 0,87,135,203
1457710946.967884, 11.03.16,07:42:26.968, 0,109,157,214
1457710947.083423, 11.03.16,07:42:27.083, 0,15,157,140
1457710947.174832, 11.03.16,07:42:27.175, 0,32,230,253
1457710947.369689, 11.03.16,07:42:27.370, 0,95,167,170
1457710947.376212, 11.03.16,07:42:27.376, 0,0,138,78
1457710947.447490, 11.03.16,07:42:27.447, 0,255,1,255
1457710947.593595, 11.03.16,07:42:27.594, 0,92,128,216
1457710947.743417, 11.03.16,07:42:27.743, 0,29,187,161
1457710947.783511, 11.03.16,07:42:27.784, 0,0,245,255
1457710947.867859, 11.03.16,07:42:27.868, 0,103,189,255
1457710947.960768, 11.03.16,07:42:27.961, 0,51,189,168
1457710948.105572, 11.03.16,07:42:28.106, 0,0,104,0
1457710948.196703, 11.03.16,07:42:28.197, 0,67,50,0
1457710948.283211, 11.03.16,07:42:28.283, 0,106,160,211
1457710948.564976, 11.03.16,07:42:28.565, 0,25,169,138
1457710948.573792, 11.03.16,07:42:28.574, 0,54,186,138
1457710948.580209, 11.03.16,07:42:28.580, 0,110,159,169
1457710948.702532, 11.03.16,07:42:28.703, 0,0,139,101
1457710948.795802, 11.03.16,07:42:28.796, 0,0,256,38
1457710948.913956, 11.03.16,07:42:28.914, 0,78,147,216
1457710949.002501, 11.03.16,07:42:29.003, 0,78,169,172
1457710949.068271, 11.03.16,07:42:29.068, 0,35,201,204
1457710949.159663, 11.03.16,07:42:29.160, 0,116,214,220
1457710949.276976, 11.03.16,07:42:29.277, 0,62,183,165
1457710949.407652, 11.03.16,07:42:29.408, 0,0,110,0
1457710949.465993, 11.03.16,07:42:29.466, 0,80,101,198
1457710949.580032, 11.03.16,07:42:29.580, 0,97,160,198
1457710949.667706, 11.03.16,07:42:29.668, 0,24,178,129
1457710949.788889, 11.03.16,07:42:29.789, 0,49,178,253
1457710949.879288, 11.03.16,07:42:29.879, 0,103,169,175
1457710949.968387, 11.03.16,07:42:29.968, 0,0,154,134
1457710950.092305, 11.03.16,07:42:30.092, 0,0,95,0
1457710950.205923, 11.03.16,07:42:30.206, 0,98,117,240
1457710950.293247, 11.03.16,07:42:30.293, 0,105,147,194
1457710950.385078, 11.03.16,07:42:30.385, 0,55,147,162
1457710950.504206, 11.03.16,07:42:30.504, 0,41,223,251
1457710950.593544, 11.03.16,07:42:30.594, 0,101,169,167
1457710950.658411, 11.03.16,07:42:30.658, 0,0,147,43
1457710950.806222, 11.03.16,07:42:30.806, 0,18,1,255
1457710950.894449, 11.03.16,07:42:30.894, 0,97,171,210
1457710950.958597, 11.03.16,07:42:30.959, 0,7,194,152
1457710951.103647, 11.03.16,07:42:31.104, 0,0,256,229
1457710951.169261, 11.03.16,07:42:31.169, 0,105,206,215
1457710951.258050, 11.03.16,07:42:31.258, 0,55,171,176
1457710951.380645, 11.03.16,07:42:31.381, 0,0,94,0
1457710951.468279, 11.03.16,07:42:31.468, 0,0,94,181
1457710951.588113, 11.03.16,07:42:31.588, 0,33,72,204
1457710951.703546, 11.03.16,07:42:31.704, 0,102,160,204
1457710951.773373, 11.03.16,07:42:31.773, 0,15,148,255
1457710951.857720, 11.03.16,07:42:31.858, 0,54,191,255
1457710951.978274, 11.03.16,07:42:31.978, 0,113,163,176
1457710952.095802, 11.03.16,07:42:32.096, 0,0,143,124
1457710952.157711, 11.03.16,07:42:32.158, 0,0,1,0
1457710952.278777, 11.03.16,07:42:32.279, 0,96,145,212
1457710952.398770, 11.03.16,07:42:32.399, 0,96,145,169
1457710952.464412, 11.03.16,07:42:32.464, 0,51,158,182
1457710952.605471, 11.03.16,07:42:32.605, 0,51,226,244
1457710952.692674, 11.03.16,07:42:32.693, 0,86,171,160
1457710952.757697, 11.03.16,07:42:32.758, 0,0,150,20
1457710952.936765, 11.03.16,07:42:32.937, 0,255,256,255
1457710952.978252, 11.03.16,07:42:32.978, 0,97,140,213
1457710953.057624, 11.03.16,07:42:33.058, 0,0,225,140
1457710953.202315, 11.03.16,07:42:33.202, 0,0,256,237
1457710953.268097, 11.03.16,07:42:33.268, 0,114,185,202
1457710953.357718, 11.03.16,07:42:33.358, 0,49,185,164
1457710953.478449, 11.03.16,07:42:33.478, 0,0,94,0
1457710953.567921, 11.03.16,07:42:33.568, 0,86,150,207
1457710953.689211, 11.03.16,07:42:33.689, 0,114,150,207
1457710953.778219, 11.03.16,07:42:33.778, 0,59,142,207
1457710953.894178, 11.03.16,07:42:33.894, 0,27,238,252
1457710953.988214, 11.03.16,07:42:33.988, 0,92,171,163
1457710954.105348, 11.03.16,07:42:34.105, 0,0,155,163
1457710954.198487, 11.03.16,07:42:34.198, 0,150,45,255
1457710954.288111, 11.03.16,07:42:34.288, 0,103,132,219
1457710954.403066, 11.03.16,07:42:34.403, 0,0,223,219
1457710954.469212, 11.03.16,07:42:34.469, 0,0,223,255
1457710954.588053, 11.03.16,07:42:34.588, 0,104,202,207
1457710954.706098, 11.03.16,07:42:34.706, 0,53,178,207
1457710954.768530, 11.03.16,07:42:34.769, 0,0,79,0
1457710954.919460, 11.03.16,07:42:34.919, 0,92,156,206
1457710954.992923, 11.03.16,07:42:34.993, 0,123,156,206
1457710955.070096, 11.03.16,07:42:35.070, 0,56,148,148
1457710955.212823, 11.03.16,07:42:35.213, 0,15,242,251
1457710955.278386, 11.03.16,07:42:35.278, 0,95,166,169
1457710955.368194, 11.03.16,07:42:35.368, 0,0,160,88
1457710955.515191, 11.03.16,07:42:35.515, 0,0,256,8
1457710955.577931, 11.03.16,07:42:35.578, 0,76,139,202
1457710955.693005, 11.03.16,07:42:35.693, 0,97,139,165
1457710955.812963, 11.03.16,07:42:35.813, 0,40,158,180
1457710955.902968, 11.03.16,07:42:35.903, 0,52,243,234
1457710955.968430, 11.03.16,07:42:35.968, 0,85,176,157
1457710956.116273, 11.03.16,07:42:36.116, 0,0,134,0
1457710956.179172, 11.03.16,07:42:36.179, 0,255,256,255
1457710956.292943, 11.03.16,07:42:36.293, 0,92,150,212
1457710956.414430, 11.03.16,07:42:36.414, 0,6,208,143
1457710956.478125, 11.03.16,07:42:36.478, 0,40,229,202
1457710956.592942, 11.03.16,07:42:36.593, 0,102,181,202
1457710956.716253, 11.03.16,07:42:36.716, 0,53,198,158
1457710956.779151, 11.03.16,07:42:36.779, 0,0,80,0
1457710956.892998, 11.03.16,07:42:36.893, 0,86,111,213
1457710957.075300, 11.03.16,07:42:37.075, 0,107,148,206
1457710957.084162, 11.03.16,07:42:37.084, 0,54,139,150
1457710957.193563, 11.03.16,07:42:37.194, 0,36,228,253
1457710957.288382, 11.03.16,07:42:37.288, 0,99,167,167
1457710957.378509, 11.03.16,07:42:37.379, 0,0,167,58
1457710957.468383, 11.03.16,07:42:37.468, 0,145,1,255
1457710957.588476, 11.03.16,07:42:37.588, 0,91,137,208
1457710957.733701, 11.03.16,07:42:37.734, 0,24,166,147
1457710957.773174, 11.03.16,07:42:37.773, 0,24,252,234
1457710957.918053, 11.03.16,07:42:37.918, 0,114,200,209
1457710958.003433, 11.03.16,07:42:38.003, 0,64,180,171
1457710958.095856, 11.03.16,07:42:38.096, 0,0,92,0
1457710958.218673, 11.03.16,07:42:38.219, 0,72,84,177
1457710958.283539, 11.03.16,07:42:38.284, 0,119,160,215
1457710958.422953, 11.03.16,07:42:38.423, 0,21,160,144
1457710958.513030, 11.03.16,07:42:38.513, 0,33,204,255
1457710958.603358, 11.03.16,07:42:38.603, 0,103,163,173
1457710958.696461, 11.03.16,07:42:38.696, 0,0,150,100
1457710958.788678, 11.03.16,07:42:38.789, 0,0,172,0
1457710958.970558, 11.03.16,07:42:38.971, 0,69,142,207
1457710959.028718, 11.03.16,07:42:39.029, 0,75,163,167
1457710959.094651, 11.03.16,07:42:39.095, 0,38,225,167
1457710959.202830, 11.03.16,07:42:39.203, 0,85,232,222
1457710959.298576, 11.03.16,07:42:39.299, 0,65,183,160
1457710959.416033, 11.03.16,07:42:39.416, 0,0,98,0
1457710959.502607, 11.03.16,07:42:39.503, 0,95,120,207
1457710959.623131, 11.03.16,07:42:39.623, 0,95,172,207
1457710959.713691, 11.03.16,07:42:39.714, 0,33,151,125
1457710959.778768, 11.03.16,07:42:39.779, 0,33,187,255
1457710959.923249, 11.03.16,07:42:39.923, 0,108,177,180
1457710960.018802, 11.03.16,07:42:40.019, 0,0,161,141
1457710960.079696, 11.03.16,07:42:40.080, 0,0,1,0
1457710960.198241, 11.03.16,07:42:40.198, 0,89,143,206
1457710960.288366, 11.03.16,07:42:40.288, 0,89,143,170
1457710960.379072, 11.03.16,07:42:40.379, 0,64,143,185
1457710960.523545, 11.03.16,07:42:40.524, 0,64,235,241
1457710960.588531, 11.03.16,07:42:40.589, 0,85,178,155
1457710960.708901, 11.03.16,07:42:40.709, 0,0,142,0
1457710960.827158, 11.03.16,07:42:40.827, 0,255,256,255
1457710960.924964, 11.03.16,07:42:40.925, 0,100,170,219
1457710960.978209, 11.03.16,07:42:40.978, 0,1,203,152
1457710961.122521, 11.03.16,07:42:41.123, 0,1,210,206
1457710961.188884, 11.03.16,07:42:41.189, 0,111,185,206
1457710961.303914, 11.03.16,07:42:41.304, 0,47,185,159
1457710961.425839, 11.03.16,07:42:41.426, 0,0,90,0
1457710961.488362, 11.03.16,07:42:41.488, 0,81,156,182
1457710961.577853, 11.03.16,07:42:41.578, 0,112,156,208
1457710961.699131, 11.03.16,07:42:41.699, 0,49,140,142
1457710961.813544, 11.03.16,07:42:41.814, 0,34,203,255
1457710961.903530, 11.03.16,07:42:41.904, 0,105,159,168
1457710961.999437, 11.03.16,07:42:41.999, 0,0,143,75
1457710962.175678, 11.03.16,07:42:42.176, 0,255,1,0
1457710962.216738, 11.03.16,07:42:42.217, 0,79,157,199
1457710962.299059, 11.03.16,07:42:42.299, 0,67,166,165
1457710962.413711, 11.03.16,07:42:42.414, 0,28,180,207
1457710962.503738, 11.03.16,07:42:42.504, 0,117,195,217
1457710962.623978, 11.03.16,07:42:42.624, 0,60,175,176
1457710962.717026, 11.03.16,07:42:42.717, 0,0,147,0
1457710962.808736, 11.03.16,07:42:42.809, 0,73,20,197
1457710962.934366, 11.03.16,07:42:42.934, 0,106,160,213
1457710963.022322, 11.03.16,07:42:43.022, 0,25,146,141
1457710963.086679, 11.03.16,07:42:43.087, 0,43,179,255
1457710963.224636, 11.03.16,07:42:43.225, 0,107,167,184
1457710963.288431, 11.03.16,07:42:43.288, 0,0,155,125
1457710963.435362, 11.03.16,07:42:43.435, 0,0,1,0
1457710963.554110, 11.03.16,07:42:43.554, 0,88,152,207
1457710963.592667, 11.03.16,07:42:43.593, 0,95,129,168
1457710963.703858, 11.03.16,07:42:43.704, 0,53,129,168
1457710963.799250, 11.03.16,07:42:43.799, 0,53,256,245
1457710963.914282, 11.03.16,07:42:43.914, 0,81,176,170
1457710963.979143, 11.03.16,07:42:43.979, 0,0,120,0
1457710964.098666, 11.03.16,07:42:44.099, 0,255,256,255
1457710964.213915, 11.03.16,07:42:44.214, 0,93,132,209
1457710964.277919, 11.03.16,07:42:44.278, 0,0,225,136
1457710964.485842, 11.03.16,07:42:44.486, 0,0,239,221
1457710964.521438, 11.03.16,07:42:44.521, 0,119,194,206
1457710964.603972, 11.03.16,07:42:44.604, 0,48,159,157
1457710964.698762, 11.03.16,07:42:44.699, 0,0,128,0
1457710964.816157, 11.03.16,07:42:44.816, 0,83,97,201
1457710964.911302, 11.03.16,07:42:44.911, 0,103,155,219
1457710965.056330, 11.03.16,07:42:45.056, 0,34,155,129
1457710965.097810, 11.03.16,07:42:45.098, 0,22,207,255
1457710965.208464, 11.03.16,07:42:45.208, 0,106,166,173
1457710965.298562, 11.03.16,07:42:45.299, 0,0,151,173
1457710965.388681, 11.03.16,07:42:45.389, 0,0,256,94
1457710965.533303, 11.03.16,07:42:45.533, 0,79,155,203
1457710965.623049, 11.03.16,07:42:45.623, 0,103,155,178
1457710965.714022, 11.03.16,07:42:45.714, 0,26,155,196
1457710965.808963, 11.03.16,07:42:45.809, 0,77,211,234
1457710965.898823, 11.03.16,07:42:45.899, 0,77,167,166
1457710965.989821, 11.03.16,07:42:45.990, 0,0,138,0
1457710966.135727, 11.03.16,07:42:46.136, 0,234,256,255
1457710966.223404, 11.03.16,07:42:46.223, 0,83,147,255
1457710966.313157, 11.03.16,07:42:46.313, 0,54,172,158
1457710966.408557, 11.03.16,07:42:46.409, 0,47,205,199
1457710966.513632, 11.03.16,07:42:46.514, 0,93,195,199
1457710966.588592, 11.03.16,07:42:46.589, 0,67,171,164
1457710966.736238, 11.03.16,07:42:46.736, 0,0,140,0
1457710966.825138, 11.03.16,07:42:46.825, 0,68,111,0
1457710966.956191, 11.03.16,07:42:46.956, 0,105,161,227
1457710967.008528, 11.03.16,07:42:47.009, 0,52,173,147
1457710967.123162, 11.03.16,07:42:47.123, 0,27,220,147
1457710967.188385, 11.03.16,07:42:47.188, 0,101,158,176
1457710967.308411, 11.03.16,07:42:47.308, 0,0,158,137
1457710967.399507, 11.03.16,07:42:47.400, 0,0,1,0
1457710967.488316, 11.03.16,07:42:47.488, 0,87,131,211
1457710967.721724, 11.03.16,07:42:47.722, 0,110,155,189
1457710967.804905, 11.03.16,07:42:47.805, 0,16,162,189
1457710967.932853, 11.03.16,07:42:47.933, 0,74,209,243
1457710968.092870, 11.03.16,07:42:48.093, 0,96,157,162
1457710968.103493, 11.03.16,07:42:48.103, 0,0,138,162
1457710968.206200, 11.03.16,07:42:48.206, 0,172,256,255
1457710968.308979, 11.03.16,07:42:48.309, 0,78,150,204
1457710968.642988, 11.03.16,07:42:48.643, 0,32,193,204
1457710968.659489, 11.03.16,07:42:48.659, 0,51,203,218
1457710968.675796, 11.03.16,07:42:48.676, 0,122,164,204
1457710968.706268, 11.03.16,07:42:48.706, 0,40,164,187
1457710968.786647, 11.03.16,07:42:48.787, 0,0,118,0
1457710968.828734, 11.03.16,07:42:48.829, 0,77,89,187
1457710968.934986, 11.03.16,07:42:48.935, 0,106,153,225
1457710968.988058, 11.03.16,07:42:48.988, 0,33,153,152
1457710969.125579, 11.03.16,07:42:49.126, 0,33,203,253
1457710969.268464, 11.03.16,07:42:49.268, 0,109,156,182
1457710969.408078, 11.03.16,07:42:49.408, 0,0,156,163
1457710969.499009, 11.03.16,07:42:49.499, 0,0,41,0
1457710969.538358, 11.03.16,07:42:49.538, 0,84,143,0
1457710969.591921, 11.03.16,07:42:49.592, 0,108,149,196
1457710969.744419, 11.03.16,07:42:49.744, 0,14,166,151
1457710969.892804, 11.03.16,07:42:49.893, 0,69,229,246
1457710969.901349, 11.03.16,07:42:49.901, 0,97,171,164
1457710970.016341, 11.03.16,07:42:50.016, 0,0,158,72
1457710970.101182, 11.03.16,07:42:50.101, 0,255,1,255
1457710970.191304, 11.03.16,07:42:50.191, 0,92,157,190
1457710970.335636, 11.03.16,07:42:50.336, 0,100,157,173
1457710970.406015, 11.03.16,07:42:50.406, 0,42,167,201
1457710970.491431, 11.03.16,07:42:50.491, 0,82,210,227
1457710970.635036, 11.03.16,07:42:50.635, 0,71,171,179
1457710970.701486, 11.03.16,07:42:50.701, 0,0,122,179
1457710971.168828, 11.03.16,07:42:51.169, 0,255,256,255
1457710971.181915, 11.03.16,07:42:51.182, 0,86,160,206
1457710971.204154, 11.03.16,07:42:51.204, 0,24,170,149
1457710971.211939, 11.03.16,07:42:51.212, 0,65,204,210
1457710971.309297, 11.03.16,07:42:51.309, 0,97,189,210
1457710971.324570, 11.03.16,07:42:51.325, 0,66,152,171
1457710971.437060, 11.03.16,07:42:51.437, 0,0,113,0
1457710971.573796, 11.03.16,07:42:51.574, 0,128,143,220
1457710971.633388, 11.03.16,07:42:51.633, 0,90,163,212
1457710971.760934, 11.03.16,07:42:51.761, 0,7,215,127
1457710971.822974, 11.03.16,07:42:51.823, 0,26,215,255
1457710971.899955, 11.03.16,07:42:51.900, 0,95,184,198
1457710972.024157, 11.03.16,07:42:52.024, 0,95,153,172
1457710972.189397, 11.03.16,07:42:52.189, 0,21,153,172
1457710972.268604, 11.03.16,07:42:52.269, 0,0,133,0
1457710972.320010, 11.03.16,07:42:52.320, 0,103,133,227
1457710972.435187, 11.03.16,07:42:52.435, 0,109,147,196
1457710972.523861, 11.03.16,07:42:52.524, 0,36,159,148
1457710972.615344, 11.03.16,07:42:52.615, 0,43,217,250
1457710972.733973, 11.03.16,07:42:52.734, 0,102,162,162
1457710972.830237, 11.03.16,07:42:52.830, 0,0,162,103
1457710972.918143, 11.03.16,07:42:52.918, 0,0,1,0
1457710973.032930, 11.03.16,07:42:53.033, 0,76,163,195
1457710973.124793, 11.03.16,07:42:53.125, 0,76,163,169
1457710973.214277, 11.03.16,07:42:53.214, 0,54,195,184
1457710973.309727, 11.03.16,07:42:53.310, 0,91,201,232
1457710973.424464, 11.03.16,07:42:53.424, 0,67,178,175
1457710973.516668, 11.03.16,07:42:53.517, 0,0,113,0
1457710973.635544, 11.03.16,07:42:53.636, 0,97,256,240
1457710973.723544, 11.03.16,07:42:53.724, 0,86,156,206
1457710973.814436, 11.03.16,07:42:53.814, 0,0,216,145
1457710973.936536, 11.03.16,07:42:53.937, 0,0,229,253
1457710974.023435, 11.03.16,07:42:54.023, 0,112,199,210
1457710974.116024, 11.03.16,07:42:54.116, 0,49,169,174
1457710974.208147, 11.03.16,07:42:54.208, 0,0,106,0
1457710974.326658, 11.03.16,07:42:54.327, 0,85,24,191
1457710974.414026, 11.03.16,07:42:54.414, 0,111,167,217
1457710974.507437, 11.03.16,07:42:54.507, 0,20,161,135
1457710974.625311, 11.03.16,07:42:54.625, 0,61,161,236
1457710974.713538, 11.03.16,07:42:54.714, 0,107,161,183
1457710974.838035, 11.03.16,07:42:54.838, 0,0,149,155
1457710974.924492, 11.03.16,07:42:54.924, 0,0,201,0
1457710975.012697, 11.03.16,07:42:55.013, 0,96,123,229
1457710975.136993, 11.03.16,07:42:55.137, 0,96,139,186
1457710975.222924, 11.03.16,07:42:55.223, 0,70,131,154
1457710975.329140, 11.03.16,07:42:55.329, 0,51,233,254
1457710975.433191, 11.03.16,07:42:55.433, 0,86,167,172
1457710975.498437, 11.03.16,07:42:55.498, 0,0,177,73
1457710975.614374, 11.03.16,07:42:55.614, 0,0,1,0
1457710975.762926, 11.03.16,07:42:55.763, 0,80,157,204
1457710975.803103, 11.03.16,07:42:55.803, 0,66,170,159
1457710975.947117, 11.03.16,07:42:55.947, 0,55,211,191
1457710976.032856, 11.03.16,07:42:56.033, 0,73,211,228
1457710976.122535, 11.03.16,07:42:56.123, 0,73,172,165
1457710976.216938, 11.03.16,07:42:56.217, 0,0,122,0
1457710976.334313, 11.03.16,07:42:56.334, 0,42,228,165
1457710976.422519, 11.03.16,07:42:56.423, 0,83,153,205
1457710976.513967, 11.03.16,07:42:56.514, 0,28,202,142
1457710976.633429, 11.03.16,07:42:56.633, 0,0,256,215
1457710976.722507, 11.03.16,07:42:56.723, 0,115,181,201
1457710976.814004, 11.03.16,07:42:56.814, 0,59,175,166
1457710976.936734, 11.03.16,07:42:56.937, 0,0,126,0
1457710977.027769, 11.03.16,07:42:57.028, 0,85,71,193
1457710977.114054, 11.03.16,07:42:57.114, 0,119,155,222
1457710977.264029, 11.03.16,07:42:57.264, 0,23,171,133
1457710977.305095, 11.03.16,07:42:57.305, 0,46,191,242
1457710977.445420, 11.03.16,07:42:57.445, 0,106,167,181
1457710977.511273, 11.03.16,07:42:57.511, 0,2,149,148
1457710977.625157, 11.03.16,07:42:57.625, 0,2,115,0
1457710977.742764, 11.03.16,07:42:57.743, 0,98,115,228
1457710977.832999, 11.03.16,07:42:57.833, 0,113,142,228
1457710977.925761, 11.03.16,07:42:57.926, 0,43,142,147
1457710978.043013, 11.03.16,07:42:58.043, 0,43,213,252
1457710978.132797, 11.03.16,07:42:58.133, 0,113,161,252
1457710978.224521, 11.03.16,07:42:58.225, 0,0,167,78
1457710978.375853, 11.03.16,07:42:58.376, 0,0,256,114
1457710978.417511, 11.03.16,07:42:58.418, 0,80,147,114
1457710978.522933, 11.03.16,07:42:58.523, 0,99,147,168
1457710978.642558, 11.03.16,07:42:58.643, 0,28,157,190
1457710978.732733, 11.03.16,07:42:58.733, 0,71,204,190
1457710978.822914, 11.03.16,07:42:58.823, 0,85,174,161
1457710978.949693, 11.03.16,07:42:58.950, 0,0,122,0
1457710979.037548, 11.03.16,07:42:59.038, 0,148,256,0
1457710979.122425, 11.03.16,07:42:59.122, 0,88,166,205
1457710979.243395, 11.03.16,07:42:59.243, 0,14,224,150
1457710979.333125, 11.03.16,07:42:59.333, 0,0,256,150
1457710979.422865, 11.03.16,07:42:59.423, 0,105,178,201
1457710979.542860, 11.03.16,07:42:59.543, 0,42,178,173
1457710979.635337, 11.03.16,07:42:59.635, 0,0,131,0
1457710979.725506, 11.03.16,07:42:59.726, 0,73,152,183
1457710979.843138, 11.03.16,07:42:59.843, 0,100,161,212
1457710979.938088, 11.03.16,07:42:59.938, 0,23,161,141
1457710980.031130, 11.03.16,07:43:00.031, 0,40,233,254
1457710980.142648, 11.03.16,07:43:00.143, 0,107,158,171
1457710980.208689, 11.03.16,07:43:00.209, 0,0,149,148
1457710980.326680, 11.03.16,07:43:00.327, 0,0,98,0
1457710980.442672, 11.03.16,07:43:00.443, 0,86,148,212
1457710980.532858, 11.03.16,07:43:00.533, 0,94,131,177
1457710980.623477, 11.03.16,07:43:00.623, 0,39,166,177
1457710980.742677, 11.03.16,07:43:00.743, 0,63,237,242
1457710980.833091, 11.03.16,07:43:00.833, 0,75,176,166
1457710980.928519, 11.03.16,07:43:00.929, 0,0,161,20
1457710981.047273, 11.03.16,07:43:01.047, 0,0,9,195
1457710981.136958, 11.03.16,07:43:01.137, 0,90,176,195
1457710981.255290, 11.03.16,07:43:01.255, 0,38,162,158
1457710981.344957, 11.03.16,07:43:01.345, 0,38,162,195
1457710981.435130, 11.03.16,07:43:01.435, 0,101,189,213
1457710981.523472, 11.03.16,07:43:01.523, 0,69,177,169
1457710981.645387, 11.03.16,07:43:01.645, 0,0,122,0
1457710981.736931, 11.03.16,07:43:01.737, 0,68,122,167
1457710981.825375, 11.03.16,07:43:01.825, 0,83,157,202
1457710981.976542, 11.03.16,07:43:01.977, 0,5,213,150
1457710982.017839, 11.03.16,07:43:02.018, 0,5,256,206
1457710982.125502, 11.03.16,07:43:02.126, 0,105,165,186
1457710982.243279, 11.03.16,07:43:02.243, 0,29,172,149
1457710982.333947, 11.03.16,07:43:02.334, 0,0,104,0
1457710982.426040, 11.03.16,07:43:02.426, 0,66,114,217
1457710982.543334, 11.03.16,07:43:02.543, 0,110,147,207
1457710982.632642, 11.03.16,07:43:02.633, 0,22,159,145
1457710982.723489, 11.03.16,07:43:02.723, 0,62,200,255
1457710982.842263, 11.03.16,07:43:02.842, 0,110,161,158
1457710982.935045, 11.03.16,07:43:02.935, 0,0,153,112
1457710983.028225, 11.03.16,07:43:03.028, 0,0,256,20
1457710983.118476, 11.03.16,07:43:03.118, 0,76,147,203
1457710983.262904, 11.03.16,07:43:03.263, 0,100,147,169
1457710983.353903, 11.03.16,07:43:03.354, 0,16,147,188
1457710983.434088, 11.03.16,07:43:03.434, 0,90,198,224
1457710983.537463, 11.03.16,07:43:03.537, 0,76,182,160
