Timestamp,Date,Time,ForefeetPressure,FrontAngle,SideAngle,UpAngle,Cadence,Speed,Lat,Lon
1457710454.008597,11.03.16,07:34:14.009,0,0,0,0, 0, 0, 38, -122
1457710454.080763,11.03.16,07:34:14.081,0,40,0,226, 0, 0, 38, -122
1457710454.230126,11.03.16,07:34:14.230,0,0,143,0, 0, 0, 38, -122
1457710454.290230,11.03.16,07:34:14.290,0,218,107,158, 0, 0, 38, -122
1457710454.411047,11.03.16,07:34:14.411,0,80,149,198, 0, 0, 38, -122
1457710454.477147,11.03.16,07:34:14.477,0,113,149,207, 0, 0, 38, -122
1457710454.591095,11.03.16,07:34:14.591,0,126,165,255, 0, 0, 38, -122
1457710454.681516,11.03.16,07:34:14.682,0,153,165,204, 0, 0, 38, -122
1457710454.770303,11.03.16,07:34:14.770,0,24,192,227, 0, 0, 38, -122
1457710454.890337,11.03.16,07:34:14.890,0,0,129,0, 0, 0, 38, -122
1457710454.981643,11.03.16,07:34:14.982,0,32,168,178, 0, 0, 38, -122
1457710455.101842,11.03.16,07:34:15.102,0,87,168,211, 0, 0, 38, -122
1457710455.190437,11.03.16,07:34:15.190,0,27,150,168, 0, 0, 38, -122
1457710455.279430,11.03.16,07:34:15.279,0,96,199,255, 0, 0, 38, -122
1457710455.370044,11.03.16,07:34:15.370,0,139,164,189, 0, 0, 38, -122
1457710455.491920,11.03.16,07:34:15.492,0,0,164,239, 0, 0, 38, -122
1457710455.583349,11.03.16,07:34:15.583,0,0,190,0, 0, 0, 38, -122
1457710455.671740,11.03.16,07:34:15.672,0,69,138,180, 0, 0, 38, -122
1457710455.821321,11.03.16,07:34:15.821,0,116,101,241, 0, 0, 38, -122
1457710455.887824,11.03.16,07:34:15.888,0,12,158,154, 0, 0, 38, -122
1457710455.969704,11.03.16,07:34:15.970,0,90,252,255, 0, 0, 38, -122
1457710456.091225,11.03.16,07:34:16.091,0,119,178,189, 0, 0, 38, -122
1457710456.180627,11.03.16,07:34:16.181,0,0,178,240, 0, 0, 38, -122
1457710456.273328,11.03.16,07:34:16.273,0,0,113,0, 0, 0, 38, -122
1457710456.392100,11.03.16,07:34:16.392,0,23,113,189, 0, 0, 38, -122
1457710456.511162,11.03.16,07:34:16.511,0,125,113,217, 0, 0, 38, -122
1457710456.603069,11.03.16,07:34:16.603,0,37,228,172, 0, 0, 38, -122
1457710456.700207,11.03.16,07:34:16.700,0,107,228,255, 0, 0, 38, -122
1457710456.783068,11.03.16,07:34:16.783,0,107,162,189, 0, 0, 38, -122
1457710456.904284,11.03.16,07:34:16.904,0,0,186,206, 0, 0, 38, -122
1457710457.002123,11.03.16,07:34:17.002,0,167,33,206, 0, 0, 38, -122
1457710457.081111,11.03.16,07:34:17.081,0,72,174,216, 0, 0, 38, -122
1457710457.201438,11.03.16,07:34:17.201,0,120,116,222, 0, 0, 38, -122
1457710457.291376,11.03.16,07:34:17.291,0,83,256,222, 0, 0, 38, -122
1457710457.381596,11.03.16,07:34:17.382,0,124,200,255, 0, 0, 38, -122
1457710457.501675,11.03.16,07:34:17.502,0,95,172,189, 0, 0, 38, -122
1457710457.591405,11.03.16,07:34:17.591,0,0,160,189, 0, 0, 38, -122
1457710457.681546,11.03.16,07:34:17.682,0,255,253,195, 0, 0, 38, -122
1457710457.801473,11.03.16,07:34:17.801,0,87,144,219, 0, 0, 38, -122
1457710457.891349,11.03.16,07:34:17.891,0,118,124,219, 0, 0, 38, -122
1457710457.979754,11.03.16,07:34:17.980,0,237,214,255, 0, 0, 38, -122
1457710458.101457,11.03.16,07:34:18.101,0,167,172,224, 0, 0, 38, -122
1457710458.191719,11.03.16,07:34:18.192,0,0,190,224, 0, 0, 38, -122
1457710458.279766,11.03.16,07:34:18.280,0,0,164,56, 0, 0, 38, -122
1457710458.401454,11.03.16,07:34:18.401,0,0,228,186, 0, 0, 38, -122
1457710458.491288,11.03.16,07:34:18.491,0,92,166,186, 0, 0, 38, -122
1457710458.609578,11.03.16,07:34:18.610,0,63,256,171, 0, 0, 38, -122
1457710458.731404,11.03.16,07:34:18.731,0,177,168,255, 0, 0, 38, -122
1457710458.797288,11.03.16,07:34:18.797,0,62,196,255, 0, 0, 38, -122
1457710458.881508,11.03.16,07:34:18.882,0,0,50,192, 0, 0, 38, -122
1457710459.001578,11.03.16,07:34:19.002,0,124,176,218, 0, 0, 38, -122
1457710459.090382,11.03.16,07:34:19.090,0,36,183,218, 0, 0, 38, -122
1457710459.179690,11.03.16,07:34:19.180,0,125,197,255, 0, 0, 38, -122
1457710459.301500,11.03.16,07:34:19.302,0,92,256,255, 0, 0, 38, -122
1457710459.391414,11.03.16,07:34:19.391,0,174,177,255, 0, 0, 38, -122
1457710459.479152,11.03.16,07:34:19.479,0,0,177,255, 0, 0, 38, -122
1457710459.601618,11.03.16,07:34:19.602,0,0,137,0, 0, 0, 38, -122
1457710459.691898,11.03.16,07:34:19.692,0,0,1,137, 0, 0, 38, -122
1457710459.781880,11.03.16,07:34:19.782,0,34,127,164, 0, 0, 38, -122
1457710459.901320,11.03.16,07:34:19.901,0,234,256,247, 0, 0, 38, -122
1457710460.022200,11.03.16,07:34:20.022,0,177,201,247, 0, 0, 38, -122
1457710460.094220,11.03.16,07:34:20.094,0,99,174,209, 0, 0, 38, -122
1457710460.201504,11.03.16,07:34:20.202,0,0,134,188, 0, 0, 38, -122
1457710460.291365,11.03.16,07:34:20.291,0,20,148,188, 0, 0, 38, -122
1457710460.381283,11.03.16,07:34:20.381,0,255,212,253, 0, 0, 38, -122
1457710460.502044,11.03.16,07:34:20.502,0,93,144,211, 0, 0, 38, -122
1457710460.591368,11.03.16,07:34:20.591,0,0,89,129, 0, 0, 38, -122
1457710460.681427,11.03.16,07:34:20.681,0,139,168,255, 0, 0, 38, -122
1457710460.801857,11.03.16,07:34:20.802,0,115,178,185, 0, 0, 38, -122
1457710460.892062,11.03.16,07:34:20.892,0,0,178,255, 0, 0, 38, -122
1457710460.979844,11.03.16,07:34:20.980,0,0,125,35, 0, 0, 38, -122
1457710461.101796,11.03.16,07:34:21.102,0,33,163,196, 0, 0, 38, -122
1457710461.191659,11.03.16,07:34:21.192,0,103,78,247, 0, 0, 38, -122
1457710461.281564,11.03.16,07:34:21.282,0,85,256,255, 0, 0, 38, -122
1457710461.401866,11.03.16,07:34:21.402,0,169,156,255, 0, 0, 38, -122
1457710461.491477,11.03.16,07:34:21.491,0,18,174,242, 0, 0, 38, -122
1457710461.581986,11.03.16,07:34:21.582,0,0,145,98, 0, 0, 38, -122
1457710461.702143,11.03.16,07:34:21.702,0,6,129,118, 0, 0, 38, -122
1457710461.790865,11.03.16,07:34:21.791,0,32,212,140, 0, 0, 38, -122
1457710461.942134,11.03.16,07:34:21.942,0,93,108,211, 0, 0, 38, -122
1457710462.035263,11.03.16,07:34:22.035,0,59,256,192, 0, 0, 38, -122
1457710462.109163,11.03.16,07:34:22.109,0,156,188,255, 0, 0, 38, -122
1457710462.205811,11.03.16,07:34:22.206,0,68,208,220, 0, 0, 38, -122
1457710462.301507,11.03.16,07:34:22.302,0,0,119,171, 0, 0, 38, -122
1457710462.391556,11.03.16,07:34:22.392,0,0,134,91, 0, 0, 38, -122
1457710462.481976,11.03.16,07:34:22.482,0,0,202,159, 0, 0, 38, -122
1457710462.601655,11.03.16,07:34:22.602,0,102,143,233, 0, 0, 38, -122
1457710462.691595,11.03.16,07:34:22.692,0,64,256,171, 0, 0, 38, -122
1457710462.781534,11.03.16,07:34:22.782,0,183,128,255, 0, 0, 38, -122
1457710462.901748,11.03.16,07:34:22.902,0,48,198,203, 0, 0, 38, -122
1457710462.990717,11.03.16,07:34:22.991,0,0,126,196, 0, 0, 38, -122
1457710463.082041,11.03.16,07:34:23.082,0,0,139,89, 0, 0, 38, -122
1457710463.201689,11.03.16,07:34:23.202,0,35,178,213, 0, 0, 38, -122
1457710463.291331,11.03.16,07:34:23.291,0,104,163,207, 0, 0, 38, -122
1457710463.388937,11.03.16,07:34:23.389,0,65,256,187, 0, 0, 38, -122
1457710463.501579,11.03.16,07:34:23.502,0,163,134,255, 0, 0, 38, -122
1457710463.592508,11.03.16,07:34:23.593,0,51,198,208, 0, 0, 38, -122
1457710463.682193,11.03.16,07:34:23.682,0,0,117,180, 0, 0, 38, -122
1457710463.802574,11.03.16,07:34:23.803,0,0,153,87, 0, 0, 38, -122
1457710463.890886,11.03.16,07:34:23.891,34,155,256,234, 1, 0, 38, -122
1457710463.980986,11.03.16,07:34:23.981,0,96,153,219, 1, 0, 38, -122
1457710464.102225,11.03.16,07:34:24.102,0,0,142,166, 1, 0, 38, -122
1457710464.192446,11.03.16,07:34:24.192,0,140,157,255, 1, 0, 38, -122
1457710464.281960,11.03.16,07:34:24.282,0,125,179,195, 1, 0, 38, -122
1457710464.402624,11.03.16,07:34:24.403,0,0,179,213, 1, 0, 38, -122
1457710464.491490,11.03.16,07:34:24.491,0,0,156,0, 1, 0, 38, -122
1457710464.611576,11.03.16,07:34:24.612,0,71,93,151, 1, 0, 38, -122
1457710464.701646,11.03.16,07:34:24.702,0,100,144,203, 1, 0, 38, -122
1457710464.791359,11.03.16,07:34:24.791,0,40,256,154, 1, 0, 38, -122
1457710464.910234,11.03.16,07:34:24.910,0,152,150,255, 1, 0, 38, -122
1457710465.001766,11.03.16,07:34:25.002,0,123,185,205, 1, 0, 38, -122
1457710465.092030,11.03.16,07:34:25.092,0,0,185,255, 1, 0, 38, -122
1457710465.181297,11.03.16,07:34:25.181,0,0,153,19, 1, 0, 38, -122
1457710465.301557,11.03.16,07:34:25.302,0,6,188,192, 1, 0, 38, -122
1457710465.392797,11.03.16,07:34:25.393,0,77,128,192, 1, 0, 38, -122
1457710465.479513,11.03.16,07:34:25.480,0,51,171,203, 1, 0, 38, -122
1457710465.601856,11.03.16,07:34:25.602,0,160,124,255, 1, 0, 38, -122
1457710465.690251,11.03.16,07:34:25.690,0,120,187,202, 1, 0, 38, -122
1457710465.781312,11.03.16,07:34:25.781,0,0,174,255, 1, 0, 38, -122
1457710465.901495,11.03.16,07:34:25.901,0,0,174,23, 1, 0, 38, -122
1457710465.990897,11.03.16,07:34:25.991,0,114,78,142, 1, 0, 38, -122
1457710466.080114,11.03.16,07:34:26.080,0,92,149,204, 1, 0, 38, -122
1457710466.202298,11.03.16,07:34:26.202,0,109,149,183, 1, 0, 38, -122
1457710466.291454,11.03.16,07:34:26.291,0,133,184,255, 1, 0, 38, -122
1457710466.382028,11.03.16,07:34:26.382,0,133,184,207, 1, 0, 38, -122
1457710466.502642,11.03.16,07:34:26.503,0,16,163,241, 1, 0, 38, -122
1457710466.591678,11.03.16,07:34:26.592,0,0,163,0, 1, 0, 38, -122
1457710466.681722,11.03.16,07:34:26.682,0,11,84,201, 1, 0, 38, -122
1457710466.831918,11.03.16,07:34:26.832,0,84,143,193, 1, 0, 38, -122
1457710466.897138,11.03.16,07:34:26.897,0,84,143,208, 1, 0, 38, -122
1457710466.981862,11.03.16,07:34:26.982,0,179,156,255, 1, 0, 38, -122
1457710467.101813,11.03.16,07:34:27.102,0,114,212,206, 1, 0, 38, -122
1457710467.191727,11.03.16,07:34:27.192,0,0,152,214, 1, 0, 38, -122
1457710467.281704,11.03.16,07:34:27.282,0,0,152,0, 1, 0, 38, -122
1457710467.438148,11.03.16,07:34:27.438,0,137,62,162, 1, 0, 38, -122
1457710467.493865,11.03.16,07:34:27.494,0,83,155,203, 1, 0, 38, -122
1457710467.582198,11.03.16,07:34:27.582,0,60,179,167, 1, 0, 38, -122
1457710467.702229,11.03.16,07:34:27.702,0,138,156,255, 1, 0, 38, -122
1457710467.791676,11.03.16,07:34:27.792,0,138,190,204, 1, 0, 38, -122
1457710467.881657,11.03.16,07:34:27.882,0,0,181,231, 1, 0, 38, -122
1457710468.000417,11.03.16,07:34:28.000,0,0,175,0, 1, 0, 38, -122
1457710468.092052,11.03.16,07:34:28.092,0,148,56,166, 1, 0, 38, -122
1457710468.181968,11.03.16,07:34:28.182,0,95,157,203, 1, 0, 38, -122
1457710468.302179,11.03.16,07:34:28.302,0,56,210,162, 1, 0, 38, -122
1457710468.391779,11.03.16,07:34:28.392,0,169,164,255, 1, 0, 38, -122
1457710468.481678,11.03.16,07:34:28.482,0,110,193,203, 1, 0, 38, -122
1457710468.601655,11.03.16,07:34:28.602,0,0,177,249, 1, 0, 38, -122
1457710468.691704,11.03.16,07:34:28.692,0,0,161,21, 1, 0, 38, -122
1457710468.781658,11.03.16,07:34:28.782,0,0,213,174, 1, 0, 38, -122
1457710468.900223,11.03.16,07:34:28.900,0,89,166,203, 1, 0, 38, -122
1457710468.990842,11.03.16,07:34:28.991,0,110,218,244, 1, 0, 38, -122
1457710469.081597,11.03.16,07:34:29.082,0,159,187,255, 1, 0, 38, -122
1457710469.202090,11.03.16,07:34:29.202,0,69,187,198, 1, 0, 38, -122
1457710469.290685,11.03.16,07:34:29.291,0,0,129,158, 1, 0, 38, -122
1457710469.381857,11.03.16,07:34:29.382,0,93,115,139, 1, 0, 38, -122
1457710469.501772,11.03.16,07:34:29.502,0,0,132,157, 1, 0, 38, -122
1457710469.621791,11.03.16,07:34:29.622,0,113,109,219, 1, 0, 38, -122
1457710469.688025,11.03.16,07:34:29.688,0,53,222,228, 1, 0, 38, -122
1457710469.832213,11.03.16,07:34:29.832,0,137,202,255, 1, 0, 38, -122
1457710469.900815,11.03.16,07:34:29.901,0,63,202,193, 1, 0, 38, -122
1457710469.981527,11.03.16,07:34:29.982,0,0,129,129, 1, 0, 38, -122
1457710470.101871,11.03.16,07:34:30.102,0,255,256,255, 1, 0, 38, -122
1457710470.190484,11.03.16,07:34:30.190,0,98,178,213, 1, 0, 38, -122
1457710470.281598,11.03.16,07:34:30.282,0,110,141,213, 1, 0, 38, -122
1457710470.401847,11.03.16,07:34:30.402,0,117,228,255, 1, 0, 38, -122
1457710470.491747,11.03.16,07:34:30.492,0,141,170,227, 1, 0, 38, -122
1457710470.611903,11.03.16,07:34:30.612,0,29,193,227, 1, 0, 38, -122
1457710470.701817,11.03.16,07:34:30.702,0,0,141,227, 1, 0, 38, -122
1457710470.792189,11.03.16,07:34:30.792,0,0,94,216, 1, 0, 38, -122
1457710470.940230,11.03.16,07:34:30.940,0,60,129,173, 1, 0, 38, -122
1457710471.058633,11.03.16,07:34:31.059,0,36,179,173, 1, 0, 38, -122
1457710471.101187,11.03.16,07:34:31.101,0,146,185,255, 1, 0, 38, -122
1457710471.211622,11.03.16,07:34:31.212,0,146,185,209, 1, 0, 38, -122
1457710471.302110,11.03.16,07:34:31.302,0,132,175,209, 1, 0, 38, -122
1457710471.392189,11.03.16,07:34:31.392,0,25,175,209, 1, 0, 38, -122
1457710471.511714,11.03.16,07:34:31.512,0,0,151,0, 1, 0, 38, -122
1457710471.602087,11.03.16,07:34:31.602,0,0,1,207, 1, 0, 38, -122
1457710471.692047,11.03.16,07:34:31.692,0,46,109,163, 1, 0, 38, -122
1457710471.812492,11.03.16,07:34:31.812,0,64,132,188, 1, 0, 38, -122
1457710471.902145,11.03.16,07:34:31.902,0,104,174,188, 1, 0, 38, -122
1457710471.991688,11.03.16,07:34:31.992,0,152,185,216, 1, 0, 38, -122
1457710472.110801,11.03.16,07:34:32.111,0,57,185,216, 1, 0, 38, -122
1457710472.201824,11.03.16,07:34:32.202,0,0,171,216, 1, 0, 38, -122
1457710472.292212,11.03.16,07:34:32.292,0,0,1,216, 1, 0, 38, -122
1457710472.411781,11.03.16,07:34:32.412,0,58,103,163, 1, 0, 38, -122
1457710472.501919,11.03.16,07:34:32.502,0,84,141,195, 1, 0, 38, -122
1457710472.590846,11.03.16,07:34:32.591,0,93,178,255, 1, 0, 38, -122
1457710472.710628,11.03.16,07:34:32.711,0,149,178,209, 1, 0, 38, -122
1457710472.805147,11.03.16,07:34:32.805,0,55,178,209, 1, 0, 38, -122
1457710472.890575,11.03.16,07:34:32.891,0,0,163,0, 1, 0, 38, -122
1457710473.014095,11.03.16,07:34:33.014,0,0,256,255, 1, 0, 38, -122
1457710473.103028,11.03.16,07:34:33.103,0,49,116,170, 1, 0, 38, -122
1457710473.191678,11.03.16,07:34:33.192,0,83,148,189, 1, 0, 38, -122
1457710473.311646,11.03.16,07:34:33.312,0,117,148,255, 1, 0, 38, -122
1457710473.402005,11.03.16,07:34:33.402,0,152,180,255, 1, 0, 38, -122
1457710473.491748,11.03.16,07:34:33.492,0,48,186,213, 1, 0, 38, -122
1457710473.611694,11.03.16,07:34:33.612,0,0,114,0, 1, 0, 38, -122
1457710473.701936,11.03.16,07:34:33.702,0,0,240,255, 1, 0, 38, -122
1457710473.851800,11.03.16,07:34:33.852,0,76,146,181, 1, 0, 38, -122
1457710473.940117,11.03.16,07:34:33.940,0,56,146,181, 1, 0, 38, -122
1457710474.014718,11.03.16,07:34:34.015,0,135,175,255, 1, 0, 38, -122
1457710474.091997,11.03.16,07:34:34.092,0,146,175,196, 1, 0, 38, -122
1457710474.211830,11.03.16,07:34:34.212,0,32,183,239, 1, 0, 38, -122
1457710474.301940,11.03.16,07:34:34.302,0,0,139,0, 1, 0, 38, -122
1457710474.389750,11.03.16,07:34:34.390,0,255,113,206, 1, 0, 38, -122
1457710474.511726,11.03.16,07:34:34.512,0,104,161,200, 1, 0, 38, -122
1457710474.601940,11.03.16,07:34:34.602,0,98,227,188, 1, 0, 38, -122
1457710474.692188,11.03.16,07:34:34.692,0,130,208,255, 1, 0, 38, -122
1457710474.811317,11.03.16,07:34:34.811,0,130,173,183, 1, 0, 38, -122
1457710474.914456,11.03.16,07:34:34.914,0,0,205,250, 1, 0, 38, -122
1457710475.001902,11.03.16,07:34:35.002,0,0,140,38, 1, 0, 38, -122
1457710475.137247,11.03.16,07:34:35.137,0,0,160,166, 1, 0, 38, -122
1457710475.202307,11.03.16,07:34:35.202,0,96,173,215, 1, 0, 38, -122
1457710475.292147,11.03.16,07:34:35.292,0,65,237,194, 1, 0, 38, -122
1457710475.412091,11.03.16,07:34:35.412,0,120,162,255, 1, 0, 38, -122
1457710475.502659,11.03.16,07:34:35.503,0,99,194,203, 1, 0, 38, -122
1457710475.621485,11.03.16,07:34:35.621,0,0,182,203, 1, 0, 38, -122
1457710475.711240,11.03.16,07:34:35.711,0,0,153,91, 1, 0, 38, -122
1457710475.802082,11.03.16,07:34:35.802,0,39,144,166, 1, 0, 38, -122
1457710475.892768,11.03.16,07:34:35.893,0,77,144,205, 1, 0, 38, -122
1457710476.042135,11.03.16,07:34:36.042,0,0,117,152, 1, 0, 38, -122
1457710476.108744,11.03.16,07:34:36.109,0,152,172,255, 1, 0, 38, -122
1457710476.191873,11.03.16,07:34:36.192,0,100,190,170, 1, 0, 38, -122
1457710476.311683,11.03.16,07:34:36.312,0,0,170,225, 1, 0, 38, -122
1457710476.401963,11.03.16,07:34:36.402,0,0,170,32, 1, 0, 38, -122
1457710476.490942,11.03.16,07:34:36.491,0,41,141,192, 1, 0, 38, -122
1457710476.642410,11.03.16,07:34:36.642,0,100,153,208, 1, 0, 38, -122
1457710476.730886,11.03.16,07:34:36.731,0,31,128,183, 1, 0, 38, -122
1457710476.810488,11.03.16,07:34:36.810,0,111,210,255, 1, 0, 38, -122
1457710476.912569,11.03.16,07:34:36.913,0,141,173,190, 1, 0, 38, -122
1457710477.002044,11.03.16,07:34:37.002,0,0,173,232, 1, 0, 38, -122
1457710477.090645,11.03.16,07:34:37.091,0,0,155,0, 1, 0, 38, -122
1457710477.213189,11.03.16,07:34:37.213,0,0,196,150, 1, 0, 38, -122
1457710477.301953,11.03.16,07:34:37.302,0,93,162,208, 1, 0, 38, -122
1457710477.422287,11.03.16,07:34:37.422,0,93,256,183, 1, 0, 38, -122
1457710477.512633,11.03.16,07:34:37.513,0,118,195,183, 1, 0, 38, -122
1457710477.601975,11.03.16,07:34:37.602,0,118,184,189, 1, 0, 38, -122
1457710477.691689,11.03.16,07:34:37.692,0,0,184,237, 1, 0, 38, -122
1457710477.842751,11.03.16,07:34:37.843,0,0,146,25, 1, 0, 38, -122
1457710477.910891,11.03.16,07:34:37.911,0,38,182,185, 1, 0, 38, -122
1457710478.022355,11.03.16,07:34:38.022,0,94,145,211, 1, 0, 38, -122
1457710478.110465,11.03.16,07:34:38.110,0,34,183,211, 1, 0, 38, -122
1457710478.202072,11.03.16,07:34:38.202,0,114,243,255, 1, 0, 38, -122
1457710478.322403,11.03.16,07:34:38.322,0,114,183,189, 1, 0, 38, -122
1457710478.410446,11.03.16,07:34:38.410,0,0,204,189, 1, 0, 38, -122
1457710478.549251,11.03.16,07:34:38.549,0,0,132,38, 1, 0, 38, -122
1457710478.620857,11.03.16,07:34:38.621,0,96,197,174, 1, 0, 38, -122
1457710478.710586,11.03.16,07:34:38.711,0,96,166,209, 1, 0, 38, -122
1457710478.802658,11.03.16,07:34:38.803,0,22,239,209, 1, 0, 38, -122
1457710478.920697,11.03.16,07:34:38.921,0,136,183,255, 1, 0, 38, -122
1457710479.012518,11.03.16,07:34:39.013,0,91,175,255, 1, 0, 38, -122
1457710479.102252,11.03.16,07:34:39.102,0,0,168,186, 1, 0, 38, -122
1457710479.221089,11.03.16,07:34:39.221,0,46,158,186, 1, 0, 38, -122
1457710479.342068,11.03.16,07:34:39.342,0,31,131,161, 1, 0, 38, -122
1457710479.410153,11.03.16,07:34:39.410,0,131,111,225, 1, 0, 38, -122
1457710479.522346,11.03.16,07:34:39.522,0,53,246,219, 1, 0, 38, -122
1457710479.610659,11.03.16,07:34:39.611,0,112,191,255, 1, 0, 38, -122
1457710479.701996,11.03.16,07:34:39.702,0,83,185,190, 1, 0, 38, -122
1457710479.822823,11.03.16,07:34:39.823,0,0,156,190, 1, 0, 38, -122
1457710479.910662,11.03.16,07:34:39.911,0,80,106,182, 1, 0, 38, -122
1457710480.002099,11.03.16,07:34:40.002,0,35,139,182, 1, 0, 38, -122
1457710480.151991,11.03.16,07:34:40.152,0,126,114,232, 1, 0, 38, -122
1457710480.224001,11.03.16,07:34:40.224,0,68,241,238, 1, 0, 38, -122
1457710480.301254,11.03.16,07:34:40.301,0,115,188,255, 1, 0, 38, -122
1457710480.422404,11.03.16,07:34:40.422,0,78,188,194, 1, 0, 38, -122
1457710480.510802,11.03.16,07:34:40.511,0,0,146,171, 1, 0, 38, -122
1457710480.602416,11.03.16,07:34:40.602,0,65,162,222, 1, 0, 38, -122
1457710480.722012,11.03.16,07:34:40.722,0,49,143,185, 1, 0, 38, -122
1457710480.843826,11.03.16,07:34:40.844,0,87,155,227, 1, 0, 38, -122
1457710480.912048,11.03.16,07:34:40.912,0,52,233,203, 1, 0, 38, -122
1457710481.022537,11.03.16,07:34:41.023,0,117,199,255, 1, 0, 38, -122
1457710481.110646,11.03.16,07:34:41.111,0,101,172,179, 1, 0, 38, -122
1457710481.202024,11.03.16,07:34:41.202,0,0,192,202, 1, 0, 38, -122
1457710481.322064,11.03.16,07:34:41.322,0,14,256,255, 1, 0, 38, -122
1457710481.410747,11.03.16,07:34:41.411,0,112,189,218, 1, 0, 38, -122
1457710481.502078,11.03.16,07:34:41.502,0,104,71,229, 1, 0, 38, -122
1457710481.622383,11.03.16,07:34:41.622,0,71,239,255, 1, 0, 38, -122
1457710481.710672,11.03.16,07:34:41.711,0,155,176,247, 1, 0, 38, -122
1457710481.802412,11.03.16,07:34:41.802,0,62,201,199, 1, 0, 38, -122
1457710481.922272,11.03.16,07:34:41.922,0,0,162,87, 1, 0, 38, -122
1457710482.066273,11.03.16,07:34:42.066,0,243,256,255, 1, 0, 38, -122
1457710482.108186,11.03.16,07:34:42.108,0,65,148,186, 1, 0, 38, -122
1457710482.252222,11.03.16,07:34:42.252,0,19,107,186, 1, 0, 38, -122
1457710482.320233,11.03.16,07:34:42.320,0,61,198,255, 1, 0, 38, -122
1457710482.401555,11.03.16,07:34:42.402,0,153,178,229, 1, 0, 38, -122
1457710482.522690,11.03.16,07:34:42.523,0,72,190,194, 1, 0, 38, -122
1457710482.610846,11.03.16,07:34:42.611,0,0,172,82, 1, 0, 38, -122
1457710482.702518,11.03.16,07:34:42.703,0,255,256,255, 1, 0, 38, -122
1457710482.822210,11.03.16,07:34:42.822,0,63,134,204, 1, 0, 38, -122
1457710482.942014,11.03.16,07:34:42.942,0,74,148,195, 1, 0, 38, -122
1457710483.010458,11.03.16,07:34:43.010,0,64,235,253, 1, 0, 38, -122
1457710483.121884,11.03.16,07:34:43.122,0,149,179,235, 1, 0, 38, -122
1457710483.212121,11.03.16,07:34:43.212,0,71,179,201, 1, 0, 38, -122
1457710483.302100,11.03.16,07:34:43.302,0,0,179,101, 1, 0, 38, -122
1457710483.423138,11.03.16,07:34:43.423,0,0,1,228, 1, 0, 38, -122
1457710483.510837,11.03.16,07:34:43.511,0,58,128,171, 1, 0, 38, -122
1457710483.631755,11.03.16,07:34:43.632,0,51,135,210, 1, 0, 38, -122
1457710483.750711,11.03.16,07:34:43.751,0,96,150,255, 1, 0, 38, -122
1457710483.821262,11.03.16,07:34:43.821,0,157,187,212, 1, 0, 38, -122
1457710483.933334,11.03.16,07:34:43.933,0,42,202,212, 1, 0, 38, -122
1457710484.040735,11.03.16,07:34:44.041,0,0,149,212, 1, 0, 38, -122
1457710484.112071,11.03.16,07:34:44.112,0,87,79,149, 1, 0, 38, -122
1457710484.292027,11.03.16,07:34:44.292,0,87,155,192, 1, 0, 38, -122
1457710484.357636,11.03.16,07:34:44.358,0,36,155,179, 1, 0, 38, -122
1457710484.410521,11.03.16,07:34:44.411,0,142,183,255, 1, 0, 38, -122
1457710484.532000,11.03.16,07:34:44.532,0,142,170,203, 1, 0, 38, -122
1457710484.653899,11.03.16,07:34:44.654,0,0,159,255, 1, 0, 38, -122
1457710484.719661,11.03.16,07:34:44.720,0,0,169,0, 1, 0, 38, -122
1457710484.832273,11.03.16,07:34:44.832,0,207,169,223, 1, 0, 38, -122
1457710484.922451,11.03.16,07:34:44.922,0,99,155,205, 1, 0, 38, -122
1457710485.012270,11.03.16,07:34:45.012,0,76,215,181, 1, 0, 38, -122
1457710485.136340,11.03.16,07:34:45.136,0,117,215,255, 1, 0, 38, -122
1457710485.222027,11.03.16,07:34:45.222,0,137,187,196, 1, 0, 38, -122
1457710485.310778,11.03.16,07:34:45.311,0,0,172,244, 1, 0, 38, -122
1457710485.432050,11.03.16,07:34:45.432,0,0,161,0, 1, 0, 38, -122
1457710485.522227,11.03.16,07:34:45.522,0,0,189,130, 1, 0, 38, -122
1457710485.701043,11.03.16,07:34:45.701,0,101,163,213, 1, 0, 38, -122
1457710485.773098,11.03.16,07:34:45.773,0,62,181,172, 1, 0, 38, -122
1457710485.822516,11.03.16,07:34:45.823,0,81,195,255, 1, 0, 38, -122
1457710485.911544,11.03.16,07:34:45.912,0,128,182,188, 1, 0, 38, -122
1457710486.032120,11.03.16,07:34:46.032,0,18,165,215, 1, 0, 38, -122
1457710486.122362,11.03.16,07:34:46.122,0,0,176,0, 1, 0, 38, -122
1457710486.211113,11.03.16,07:34:46.211,0,135,183,225, 1, 0, 38, -122
1457710486.332542,11.03.16,07:34:46.333,0,112,130,234, 1, 0, 38, -122
1457710486.420231,11.03.16,07:34:46.420,0,81,246,185, 1, 0, 38, -122
1457710486.511522,11.03.16,07:34:46.512,0,107,236,255, 1, 0, 38, -122
1457710486.632530,11.03.16,07:34:46.633,0,100,187,194, 1, 0, 38, -122
1457710486.722045,11.03.16,07:34:46.722,0,0,194,228, 1, 0, 38, -122
1457710486.812875,11.03.16,07:34:46.813,0,0,130,25, 1, 0, 38, -122
1457710486.962161,11.03.16,07:34:46.962,0,105,140,178, 1, 0, 38, -122
1457710487.052330,11.03.16,07:34:47.052,0,86,140,211, 1, 0, 38, -122
1457710487.142033,11.03.16,07:34:47.142,0,86,208,211, 1, 0, 38, -122
1457710487.231407,11.03.16,07:34:47.231,0,105,208,255, 1, 0, 38, -122
1457710487.322543,11.03.16,07:34:47.323,0,105,179,191, 1, 0, 38, -122
1457710487.440260,11.03.16,07:34:47.440,0,0,179,216, 1, 0, 38, -122
1457710487.532547,11.03.16,07:34:47.533,0,0,154,61, 1, 0, 38, -122
1457710487.622191,11.03.16,07:34:47.622,0,0,138,153, 1, 0, 38, -122
1457710487.711439,11.03.16,07:34:47.711,0,100,138,226, 1, 0, 38, -122
1457710487.832408,11.03.16,07:34:47.832,0,59,212,210, 1, 0, 38, -122
1457710487.920829,11.03.16,07:34:47.921,0,96,190,255, 1, 0, 38, -122
1457710488.042813,11.03.16,07:34:48.043,0,96,182,177, 1, 0, 38, -122
1457710488.132164,11.03.16,07:34:48.132,0,0,182,204, 1, 0, 38, -122
1457710488.222208,11.03.16,07:34:48.222,0,157,30,181, 1, 0, 38, -122
1457710488.310547,11.03.16,07:34:48.311,0,107,191,216, 1, 0, 38, -122
1457710488.432297,11.03.16,07:34:48.432,0,134,80,227, 1, 0, 38, -122
1457710488.523279,11.03.16,07:34:48.523,0,63,218,233, 1, 0, 38, -122
1457710488.642065,11.03.16,07:34:48.642,0,125,189,254, 1, 0, 38, -122
1457710488.731751,11.03.16,07:34:48.732,0,70,189,179, 1, 0, 38, -122
1457710488.830174,11.03.16,07:34:48.830,0,0,142,167, 1, 0, 38, -122
1457710488.941852,11.03.16,07:34:48.942,0,110,37,129, 1, 0, 38, -122
1457710489.032280,11.03.16,07:34:49.032,0,73,177,129, 1, 0, 38, -122
1457710489.122525,11.03.16,07:34:49.123,0,106,161,232, 1, 0, 38, -122
1457710489.240508,11.03.16,07:34:49.241,0,45,228,232, 1, 0, 38, -122
1457710489.331454,11.03.16,07:34:49.331,0,116,187,232, 1, 0, 38, -122
1457710489.422647,11.03.16,07:34:49.423,0,80,187,191, 1, 0, 38, -122
1457710489.542129,11.03.16,07:34:49.542,0,0,153,148, 1, 0, 38, -122
1457710489.632488,11.03.16,07:34:49.632,0,255,256,148, 1, 0, 38, -122
1457710489.722140,11.03.16,07:34:49.722,0,94,175,226, 1, 0, 38, -122
1457710489.841864,11.03.16,07:34:49.842,0,106,157,210, 1, 0, 38, -122
1457710489.962443,11.03.16,07:34:49.962,0,78,256,210, 1, 0, 38, -122
1457710490.029815,11.03.16,07:34:50.030,0,141,178,236, 1, 0, 38, -122
1457710490.172377,11.03.16,07:34:50.172,0,77,189,197, 1, 0, 38, -122
1457710490.238485,11.03.16,07:34:50.238,0,0,140,79, 1, 0, 38, -122
1457710490.322132,11.03.16,07:34:50.322,0,0,53,255, 1, 0, 38, -122
1457710490.442630,11.03.16,07:34:50.443,0,65,143,174, 1, 0, 38, -122
1457710490.562202,11.03.16,07:34:50.562,0,65,143,188, 1, 0, 38, -122
1457710490.628016,11.03.16,07:34:50.628,0,104,134,255, 1, 0, 38, -122
1457710490.743043,11.03.16,07:34:50.743,0,141,188,213, 1, 0, 38, -122
1457710490.832580,11.03.16,07:34:50.833,0,42,202,204, 1, 0, 38, -122
1457710490.921270,11.03.16,07:34:50.921,0,0,118,0, 1, 0, 38, -122
1457710491.067530,11.03.16,07:34:51.068,0,178,1,194, 1, 0, 38, -122
1457710491.130752,11.03.16,07:34:51.131,0,83,148,186, 1, 0, 38, -122
1457710491.313219,11.03.16,07:34:51.313,0,43,190,149, 1, 0, 38, -122
1457710491.350279,11.03.16,07:34:51.350,0,104,204,255, 1, 0, 38, -122
1457710491.432344,11.03.16,07:34:51.432,0,141,172,205, 1, 0, 38, -122
1457710491.522144,11.03.16,07:34:51.522,0,0,180,255, 1, 0, 38, -122
1457710491.642300,11.03.16,07:34:51.642,0,0,144,0, 1, 0, 38, -122
1457710491.732402,11.03.16,07:34:51.732,0,0,213,166, 1, 0, 38, -122
1457710491.822274,11.03.16,07:34:51.822,0,100,119,233, 1, 0, 38, -122
1457710491.941701,11.03.16,07:34:51.942,0,76,243,185, 1, 0, 38, -122
1457710492.032850,11.03.16,07:34:52.033,0,138,226,255, 1, 0, 38, -122
1457710492.122294,11.03.16,07:34:52.122,0,87,183,196, 1, 0, 38, -122
1457710492.242265,11.03.16,07:34:52.242,0,0,183,250, 1, 0, 38, -122
1457710492.332225,11.03.16,07:34:52.332,0,0,160,71, 1, 0, 38, -122
1457710492.422163,11.03.16,07:34:52.422,0,72,210,157, 1, 0, 38, -122
1457710492.575773,11.03.16,07:34:52.576,0,97,118,208, 1, 0, 38, -122
1457710492.642718,11.03.16,07:34:52.643,0,80,247,202, 1, 0, 38, -122
1457710492.720929,11.03.16,07:34:52.721,0,120,207,255, 1, 0, 38, -122
1457710492.842560,11.03.16,07:34:52.843,0,99,175,203, 1, 0, 38, -122
1457710492.931051,11.03.16,07:34:52.931,0,0,162,230, 1, 0, 38, -122
1457710493.052281,11.03.16,07:34:53.052,0,0,154,73, 1, 0, 38, -122
1457710493.141170,11.03.16,07:34:53.141,0,82,235,73, 1, 0, 38, -122
1457710493.232292,11.03.16,07:34:53.232,0,82,152,210, 1, 0, 38, -122
1457710493.352357,11.03.16,07:34:53.352,0,82,239,226, 1, 0, 38, -122
1457710493.442698,11.03.16,07:34:53.443,0,82,239,226, 1, 0, 38, -122
1457710493.532262,11.03.16,07:34:53.532,0,143,175,255, 1, 0, 38, -122
1457710493.652550,11.03.16,07:34:53.653,0,78,191,191, 1, 0, 38, -122
1457710493.742321,11.03.16,07:34:53.742,0,0,154,191, 1, 0, 38, -122
1457710493.831452,11.03.16,07:34:53.831,0,252,42,63, 1, 0, 38, -122
1457710493.952729,11.03.16,07:34:53.953,0,104,203,223, 1, 0, 38, -122
1457710494.042266,11.03.16,07:34:54.042,0,104,120,231, 1, 0, 38, -122
1457710494.132149,11.03.16,07:34:54.132,0,64,229,237, 1, 0, 38, -122
1457710494.252546,11.03.16,07:34:54.253,0,137,182,247, 1, 0, 38, -122
1457710494.342427,11.03.16,07:34:54.342,0,71,182,204, 1, 0, 38, -122
1457710494.431094,11.03.16,07:34:54.431,0,0,141,87, 1, 0, 38, -122
1457710494.554047,11.03.16,07:34:54.554,0,255,256,222, 1, 0, 38, -122
1457710494.640563,11.03.16,07:34:54.641,0,84,170,222, 1, 0, 38, -122
1457710494.732767,11.03.16,07:34:54.733,0,90,129,222, 1, 0, 38, -122
1457710494.852583,11.03.16,07:34:54.853,0,104,202,255, 1, 0, 38, -122
1457710494.940648,11.03.16,07:34:54.941,0,130,185,255, 1, 0, 38, -122
1457710495.033356,11.03.16,07:34:55.033,0,38,200,205, 1, 0, 38, -122
1457710495.152489,11.03.16,07:34:55.152,0,0,144,2, 1, 0, 38, -122
1457710495.241741,11.03.16,07:34:55.242,0,0,256,255, 1, 0, 38, -122
1457710495.332591,11.03.16,07:34:55.333,0,63,128,165, 1, 0, 38, -122
1457710495.452604,11.03.16,07:34:55.453,0,63,128,193, 1, 0, 38, -122
1457710495.549221,11.03.16,07:34:55.549,0,123,169,255, 1, 0, 38, -122
1457710495.632585,11.03.16,07:34:55.633,0,137,169,197, 1, 0, 38, -122
1457710495.752705,11.03.16,07:34:55.753,0,46,192,197, 1, 0, 38, -122
1457710495.841598,11.03.16,07:34:55.842,0,0,125,0, 1, 0, 38, -122
1457710495.962724,11.03.16,07:34:55.963,0,0,219,143, 1, 0, 38, -122
1457710496.053207,11.03.16,07:34:56.053,0,93,157,200, 1, 0, 38, -122
1457710496.146095,11.03.16,07:34:56.146,0,67,212,170, 1, 0, 38, -122
1457710496.233062,11.03.16,07:34:56.233,0,106,255,255, 1, 0, 38, -122
1457710496.353585,11.03.16,07:34:56.354,0,125,177,196, 1, 0, 38, -122
1457710496.442364,11.03.16,07:34:56.442,0,0,188,255, 1, 0, 38, -122
1457710496.531946,11.03.16,07:34:56.532,0,0,118,0, 1, 0, 38, -122
1457710496.652527,11.03.16,07:34:56.653,0,85,118,175, 1, 0, 38, -122
1457710496.742717,11.03.16,07:34:56.743,0,85,139,213, 1, 0, 38, -122
1457710496.832466,11.03.16,07:34:56.832,0,54,228,175, 1, 0, 38, -122
1457710496.952542,11.03.16,07:34:56.953,0,129,243,255, 1, 0, 38, -122
1457710497.041440,11.03.16,07:34:57.041,0,107,162,188, 1, 0, 38, -122
1457710497.132290,11.03.16,07:34:57.132,0,0,215,228, 1, 0, 38, -122
1457710497.252720,11.03.16,07:34:57.253,0,0,175,68, 1, 0, 38, -122
1457710497.342515,11.03.16,07:34:57.343,0,52,175,151, 1, 0, 38, -122
1457710497.462470,11.03.16,07:34:57.462,0,95,139,216, 1, 0, 38, -122
1457710497.552746,11.03.16,07:34:57.553,0,51,236,204, 1, 0, 38, -122
1457710497.642948,11.03.16,07:34:57.643,0,126,203,255, 1, 0, 38, -122
1457710497.732433,11.03.16,07:34:57.732,0,93,175,187, 1, 0, 38, -122
1457710497.851803,11.03.16,07:34:57.852,0,0,169,172, 1, 0, 38, -122
1457710497.979965,11.03.16,07:34:57.980,0,81,240,151, 1, 0, 38, -122
1457710498.062539,11.03.16,07:34:58.063,0,40,151,159, 1, 0, 38, -122
1457710498.152573,11.03.16,07:34:58.153,0,101,151,225, 1, 0, 38, -122
1457710498.242462,11.03.16,07:34:58.242,0,39,256,215, 1, 0, 38, -122
1457710498.332329,11.03.16,07:34:58.332,0,98,162,255, 1, 0, 38, -122
1457710498.452791,11.03.16,07:34:58.453,0,98,175,178, 1, 0, 38, -122
1457710498.542598,11.03.16,07:34:58.543,0,0,190,217, 1, 0, 38, -122
1457710498.632788,11.03.16,07:34:58.633,0,0,114,0, 1, 0, 38, -122
1457710498.812902,11.03.16,07:34:58.813,0,0,107,175, 1, 0, 38, -122
1457710498.850734,11.03.16,07:34:58.851,0,105,156,209, 1, 0, 38, -122
1457710498.932805,11.03.16,07:34:58.933,0,33,223,183, 1, 0, 38, -122
1457710499.052662,11.03.16,07:34:59.053,0,109,223,255, 1, 0, 38, -122
1457710499.142580,11.03.16,07:34:59.143,0,109,162,177, 1, 0, 38, -122
1457710499.232412,11.03.16,07:34:59.232,0,0,188,205, 1, 0, 38, -122
1457710499.353064,11.03.16,07:34:59.353,0,0,209,255, 1, 0, 38, -122
1457710499.442933,11.03.16,07:34:59.443,0,117,196,220, 1, 0, 38, -122
1457710499.533057,11.03.16,07:34:59.533,0,123,105,234, 1, 0, 38, -122
1457710499.680523,11.03.16,07:34:59.681,0,52,197,227, 1, 0, 38, -122
1457710499.752636,11.03.16,07:34:59.753,0,127,181,254, 1, 0, 38, -122
1457710499.892349,11.03.16,07:34:59.892,0,92,181,180, 1, 0, 38, -122
1457710499.961633,11.03.16,07:34:59.962,0,0,166,180, 1, 0, 38, -122
1457710500.041325,11.03.16,07:35:00.041,0,116,153,255, 1, 0, 38, -122
1457710500.162526,11.03.16,07:35:00.163,0,116,179,231, 1, 0, 38, -122
1457710500.281502,11.03.16,07:35:00.282,0,84,149,231, 1, 0, 38, -122
1457710500.372479,11.03.16,07:35:00.372,0,84,256,255, 1, 0, 38, -122
1457710500.461348,11.03.16,07:35:00.461,0,133,182,237, 1, 0, 38, -122
1457710500.553054,11.03.16,07:35:00.553,0,78,182,189, 1, 0, 38, -122
1457710500.643416,11.03.16,07:35:00.643,0,0,142,115, 1, 0, 38, -122
1457710500.762363,11.03.16,07:35:00.762,0,203,236,255, 1, 0, 38, -122
1457710500.852539,11.03.16,07:35:00.853,0,75,135,255, 1, 0, 38, -122
1457710500.941391,11.03.16,07:35:00.941,0,92,126,255, 1, 0, 38, -122
1457710501.062482,11.03.16,07:35:01.062,0,92,165,255, 1, 0, 38, -122
1457710501.152668,11.03.16,07:35:01.153,0,144,182,216, 1, 0, 38, -122
1457710501.242744,11.03.16,07:35:01.243,0,60,192,200, 1, 0, 38, -122
1457710501.363085,11.03.16,07:35:01.363,0,0,173,6, 1, 0, 38, -122
1457710501.453215,11.03.16,07:35:01.453,0,0,256,150, 1, 0, 38, -122
1457710501.570934,11.03.16,07:35:01.571,0,56,130,169, 1, 0, 38, -122
1457710501.661389,11.03.16,07:35:01.661,0,65,115,185, 1, 0, 38, -122
1457710501.752943,11.03.16,07:35:01.753,0,117,146,255, 1, 0, 38, -122
1457710501.842418,11.03.16,07:35:01.842,0,144,180,195, 1, 0, 38, -122
1457710501.962460,11.03.16,07:35:01.962,0,56,180,206, 1, 0, 38, -122
1457710502.053077,11.03.16,07:35:02.053,0,0,180,0, 1, 0, 38, -122
1457710502.140925,11.03.16,07:35:02.141,0,184,1,168, 1, 0, 38, -122
1457710502.263757,11.03.16,07:35:02.264,0,99,177,194, 1, 0, 38, -122
1457710502.352413,11.03.16,07:35:02.352,0,48,136,173, 1, 0, 38, -122
1457710502.471490,11.03.16,07:35:02.471,0,106,166,255, 1, 0, 38, -122
1457710502.563087,11.03.16,07:35:02.563,0,134,166,194, 1, 0, 38, -122
1457710502.652724,11.03.16,07:35:02.653,0,52,188,200, 1, 0, 38, -122
1457710502.741136,11.03.16,07:35:02.741,0,0,112,0, 1, 0, 38, -122
1457710502.863054,11.03.16,07:35:02.863,0,0,256,130, 1, 0, 38, -122
1457710502.951292,11.03.16,07:35:02.951,0,104,170,215, 1, 0, 38, -122
1457710503.107899,11.03.16,07:35:03.108,0,10,132,162, 1, 0, 38, -122
1457710503.172954,11.03.16,07:35:03.173,0,99,182,255, 1, 0, 38, -122
1457710503.260725,11.03.16,07:35:03.261,0,136,147,188, 1, 0, 38, -122
1457710503.408256,11.03.16,07:35:03.408,0,22,180,197, 1, 0, 38, -122
1457710503.510799,11.03.16,07:35:03.511,0,0,130,0, 1, 0, 38, -122
1457710503.861584,11.03.16,07:35:03.862,0,0,256,152, 1, 0, 38, -122
1457710503.875130,11.03.16,07:35:03.875,0,111,151,224, 1, 0, 38, -122
1457710503.885545,11.03.16,07:35:03.886,0,39,177,155, 1, 0, 38, -122
1457710503.896770,11.03.16,07:35:03.897,0,104,177,255, 1, 0, 38, -122
1457710504.153274,11.03.16,07:35:04.153,0,130,159,189, 1, 0, 38, -122
1457710504.649014,11.03.16,07:35:04.649,0,0,159,220, 1, 0, 38, -122
1457710505.274244,11.03.16,07:35:05.274,0,0,169,0, 1, 0, 38, -122
1457710505.734706,11.03.16,07:35:05.735,0,14,160,162, 1, 0, 38, -122
1457710505.842242,11.03.16,07:35:05.842,0,95,173,222, 1, 0, 38, -122
1457710505.855771,11.03.16,07:35:05.856,0,86,214,174, 1, 0, 38, -122
1457710505.873083,11.03.16,07:35:05.873,0,96,245,255, 1, 0, 38, -122
1457710505.969032,11.03.16,07:35:05.969,0,118,184,192, 1, 0, 38, -122
1457710505.981620,11.03.16,07:35:05.982,0,0,198,234, 1, 0, 38, -122
1457710505.994381,11.03.16,07:35:05.994,0,0,138,0, 1, 0, 38, -122
1457710506.004451,11.03.16,07:35:06.004,0,0,119,153, 1, 0, 38, -122
1457710506.019899,11.03.16,07:35:06.020,0,100,161,213, 1, 0, 38, -122
1457710506.029708,11.03.16,07:35:06.030,0,86,224,204, 1, 0, 38, -122
1457710506.046096,11.03.16,07:35:06.046,0,121,252,255, 1, 0, 38, -122
1457710506.055765,11.03.16,07:35:06.056,0,92,177,187, 1, 0, 38, -122
1457710506.071414,11.03.16,07:35:06.071,0,0,195,211, 1, 0, 38, -122
1457710506.095579,11.03.16,07:35:06.096,0,54,216,117, 1, 0, 38, -122
1457710506.103542,11.03.16,07:35:06.104,0,31,119,159, 1, 0, 38, -122
1457710506.114243,11.03.16,07:35:06.114,0,104,134,222, 1, 0, 38, -122
1457710506.122756,11.03.16,07:35:06.123,0,44,186,216, 1, 0, 38, -122
1457710506.138398,11.03.16,07:35:06.138,0,127,186,255, 1, 0, 38, -122
1457710506.187739,11.03.16,07:35:06.188,0,86,178,183, 1, 0, 38, -122
1457710506.416776,11.03.16,07:35:06.417,0,0,156,173, 1, 0, 38, -122
1457710506.463414,11.03.16,07:35:06.463,0,128,45,255, 1, 0, 38, -122
1457710506.474230,11.03.16,07:35:06.474,0,61,181,205, 1, 0, 38, -122
1457710506.519322,11.03.16,07:35:06.519,0,127,83,226, 1, 0, 38, -122
1457710506.611186,11.03.16,07:35:06.611,0,41,214,226, 1, 0, 38, -122
1457710506.705022,11.03.16,07:35:06.705,0,129,180,255, 1, 0, 38, -122
1457710506.762733,11.03.16,07:35:06.763,0,89,180,183, 1, 0, 38, -122
1457710506.854242,11.03.16,07:35:06.854,0,0,165,125, 1, 0, 38, -122
1457710506.974310,11.03.16,07:35:06.974,0,255,20,255, 1, 0, 38, -122
1457710507.063625,11.03.16,07:35:07.064,0,105,179,255, 1, 0, 38, -122
1457710507.154178,11.03.16,07:35:07.154,0,126,114,255, 1, 0, 38, -122
1457710507.273890,11.03.16,07:35:07.274,0,38,223,234, 1, 0, 38, -122
1457710507.363139,11.03.16,07:35:07.363,0,134,175,234, 1, 0, 38, -122
1457710507.455453,11.03.16,07:35:07.455,0,81,175,188, 1, 0, 38, -122
1457710507.572831,11.03.16,07:35:07.573,0,0,146,113, 1, 0, 38, -122
1457710507.661022,11.03.16,07:35:07.661,0,0,8,255, 1, 0, 38, -122
1457710507.869840,11.03.16,07:35:07.870,0,65,152,176, 1, 0, 38, -122
1457710507.941188,11.03.16,07:35:07.941,0,52,115,185, 1, 0, 38, -122
1457710507.992560,11.03.16,07:35:07.993,0,100,256,255, 1, 0, 38, -122
1457710508.052565,11.03.16,07:35:08.053,0,140,199,211, 1, 0, 38, -122
1457710508.173891,11.03.16,07:35:08.174,0,49,199,187, 1, 0, 38, -122
1457710508.269065,11.03.16,07:35:08.269,0,0,181,0, 1, 0, 38, -122
1457710508.352893,11.03.16,07:35:08.353,0,0,256,223, 1, 0, 38, -122
1457710508.473141,11.03.16,07:35:08.473,0,57,148,166, 1, 0, 38, -122
1457710508.562977,11.03.16,07:35:08.563,0,48,131,176, 1, 0, 38, -122
1457710508.651250,11.03.16,07:35:08.651,0,126,161,255, 1, 0, 38, -122
1457710508.771001,11.03.16,07:35:08.771,0,148,170,198, 1, 0, 38, -122
1457710508.863312,11.03.16,07:35:08.863,0,39,212,216, 1, 0, 38, -122
1457710508.967440,11.03.16,07:35:08.967,0,0,115,0, 1, 0, 38, -122
1457710509.076462,11.03.16,07:35:09.076,0,149,155,198, 1, 0, 38, -122
1457710509.162578,11.03.16,07:35:09.163,0,105,176,198, 1, 0, 38, -122
1457710509.252431,11.03.16,07:35:09.252,0,81,212,165, 1, 0, 38, -122
1457710509.372992,11.03.16,07:35:09.373,0,67,212,255, 1, 0, 38, -122
1457710509.462561,11.03.16,07:35:09.463,0,128,171,188, 1, 0, 38, -122
1457710509.552658,11.03.16,07:35:09.553,0,0,171,225, 1, 0, 38, -122
1457710509.673307,11.03.16,07:35:09.673,0,0,162,0, 1, 0, 38, -122
1457710509.762844,11.03.16,07:35:09.763,0,165,188,216, 1, 0, 38, -122
1457710509.853312,11.03.16,07:35:09.853,0,105,177,226, 1, 0, 38, -122
1457710509.977587,11.03.16,07:35:09.978,0,65,234,176, 1, 0, 38, -122
1457710510.064797,11.03.16,07:35:10.065,0,85,252,255, 1, 0, 38, -122
1457710510.153124,11.03.16,07:35:10.153,0,113,173,186, 1, 0, 38, -122
1457710510.272586,11.03.16,07:35:10.273,0,0,189,236, 1, 0, 38, -122
1457710510.363129,11.03.16,07:35:10.363,0,0,144,15, 1, 0, 38, -122
1457710510.453986,11.03.16,07:35:10.454,0,23,129,160, 1, 0, 38, -122
1457710510.572306,11.03.16,07:35:10.572,0,86,158,217, 1, 0, 38, -122
1457710510.692857,11.03.16,07:35:10.693,0,79,208,198, 1, 0, 38, -122
1457710510.765328,11.03.16,07:35:10.765,0,62,256,255, 1, 0, 38, -122
1457710510.873141,11.03.16,07:35:10.873,0,121,168,170, 1, 0, 38, -122
1457710510.992522,11.03.16,07:35:10.993,0,0,177,221, 1, 0, 38, -122
1457710511.062500,11.03.16,07:35:11.063,0,0,141,4, 1, 0, 38, -122
1457710511.173302,11.03.16,07:35:11.173,0,0,81,156, 1, 0, 38, -122
1457710511.279073,11.03.16,07:35:11.279,0,103,121,224, 1, 0, 38, -122
1457710511.363875,11.03.16,07:35:11.364,0,62,219,216, 1, 0, 38, -122
1457710511.472713,11.03.16,07:35:11.473,0,94,234,255, 1, 0, 38, -122
1457710511.563154,11.03.16,07:35:11.563,0,94,176,180, 1, 0, 38, -122
1457710511.652304,11.03.16,07:35:11.652,0,0,199,191, 1, 0, 38, -122
1457710511.773445,11.03.16,07:35:11.773,0,78,132,99, 1, 0, 38, -122
1457710511.863483,11.03.16,07:35:11.863,0,66,152,211, 1, 0, 38, -122
1457710511.957543,11.03.16,07:35:11.958,0,130,81,222, 1, 0, 38, -122
1457710512.080008,11.03.16,07:35:12.080,0,62,177,214, 1, 0, 38, -122
1457710512.163148,11.03.16,07:35:12.163,0,91,224,255, 1, 0, 38, -122
1457710512.253341,11.03.16,07:35:12.253,0,91,166,177, 1, 0, 38, -122
1457710512.373542,11.03.16,07:35:12.374,0,0,199,203, 1, 0, 38, -122
1457710512.463544,11.03.16,07:35:12.464,0,33,186,157, 1, 0, 38, -122
1457710512.552964,11.03.16,07:35:12.553,0,99,210,202, 1, 0, 38, -122
1457710512.673642,11.03.16,07:35:12.674,0,117,110,213, 1, 0, 38, -122
1457710512.763791,11.03.16,07:35:12.764,0,35,210,220, 1, 0, 38, -122
1457710512.854717,11.03.16,07:35:12.855,0,158,177,255, 1, 0, 38, -122
1457710513.006035,11.03.16,07:35:13.006,0,75,177,197, 1, 0, 38, -122
1457710513.140929,11.03.16,07:35:13.141,0,0,130,138, 1, 0, 38, -122
1457710513.180429,11.03.16,07:35:13.180,0,255,256,217, 1, 0, 38, -122
1457710513.273451,11.03.16,07:35:13.273,0,75,151,208, 1, 0, 38, -122
1457710513.363514,11.03.16,07:35:13.364,0,108,92,189, 1, 0, 38, -122
1457710513.452728,11.03.16,07:35:13.453,0,120,153,255, 1, 0, 38, -122
1457710513.573932,11.03.16,07:35:13.574,0,158,183,212, 1, 0, 38, -122
1457710513.663576,11.03.16,07:35:13.664,0,55,191,219, 1, 0, 38, -122
1457710513.768225,11.03.16,07:35:13.768,0,0,137,0, 1, 0, 38, -122
1457710513.874987,11.03.16,07:35:13.875,0,0,22,220, 1, 0, 38, -122
1457710513.967817,11.03.16,07:35:13.968,0,61,137,159, 1, 0, 38, -122
1457710514.052782,11.03.16,07:35:14.053,0,61,137,197, 1, 0, 38, -122
1457710514.173002,11.03.16,07:35:14.173,0,80,131,197, 1, 0, 38, -122
1457710514.263428,11.03.16,07:35:14.263,0,0,210,255, 1, 0, 38, -122
1457710514.352791,11.03.16,07:35:14.353,0,154,185,214, 1, 0, 38, -122
1457710514.475221,11.03.16,07:35:14.475,0,55,192,205, 1, 0, 38, -122
1457710514.563196,11.03.16,07:35:14.563,0,0,175,2, 1, 0, 38, -122
1457710514.652788,11.03.16,07:35:14.653,0,0,256,255, 1, 0, 38, -122
1457710514.772795,11.03.16,07:35:14.773,0,59,131,174, 1, 0, 38, -122
1457710514.863463,11.03.16,07:35:14.863,0,59,131,174, 1, 0, 38, -122
1457710514.981932,11.03.16,07:35:14.982,0,151,169,255, 1, 0, 38, -122
1457710515.073313,11.03.16,07:35:15.073,0,125,169,205, 1, 0, 38, -122
1457710515.164163,11.03.16,07:35:15.164,0,0,169,228, 1, 0, 38, -122
1457710515.283636,11.03.16,07:35:15.284,0,0,155,0, 1, 0, 38, -122
1457710515.373564,11.03.16,07:35:15.374,0,0,108,140, 1, 0, 38, -122
1457710515.463549,11.03.16,07:35:15.464,0,103,183,202, 1, 0, 38, -122
1457710515.584070,11.03.16,07:35:15.584,0,64,248,255, 1, 0, 38, -122
1457710515.673349,11.03.16,07:35:15.673,0,165,176,255, 1, 0, 38, -122
1457710515.763507,11.03.16,07:35:15.764,0,41,194,216, 1, 0, 38, -122
1457710515.884163,11.03.16,07:35:15.884,0,0,127,107, 1, 0, 38, -122
1457710515.975356,11.03.16,07:35:15.975,0,50,136,107, 1, 0, 38, -122
1457710516.063352,11.03.16,07:35:16.063,0,74,183,142, 1, 0, 38, -122
1457710516.183310,11.03.16,07:35:16.183,0,83,144,221, 1, 0, 38, -122
1457710516.273246,11.03.16,07:35:16.273,0,94,256,221, 1, 0, 38, -122
1457710516.363467,11.03.16,07:35:16.363,0,117,217,255, 1, 0, 38, -122
1457710516.526258,11.03.16,07:35:16.526,0,99,173,182, 1, 0, 38, -122
1457710516.611558,11.03.16,07:35:16.612,0,0,198,182, 1, 0, 38, -122
1457710516.663508,11.03.16,07:35:16.664,0,0,114,0, 1, 0, 38, -122
1457710516.783262,11.03.16,07:35:16.783,0,54,164,183, 1, 0, 38, -122
1457710516.873480,11.03.16,07:35:16.873,0,122,96,183, 1, 0, 38, -122
1457710516.963461,11.03.16,07:35:16.963,0,57,195,232, 1, 0, 38, -122
1457710517.084190,11.03.16,07:35:17.084,0,131,186,254, 1, 0, 38, -122
1457710517.173408,11.03.16,07:35:17.173,0,86,171,195, 1, 0, 38, -122
1457710517.263645,11.03.16,07:35:17.264,0,0,142,176, 1, 0, 38, -122
1457710517.383397,11.03.16,07:35:17.383,0,81,108,162, 1, 0, 38, -122
1457710517.473579,11.03.16,07:35:17.474,0,35,135,196, 1, 0, 38, -122
1457710517.563424,11.03.16,07:35:17.563,0,116,92,235, 1, 0, 38, -122
1457710517.683582,11.03.16,07:35:17.684,0,101,247,255, 1, 0, 38, -122
1457710517.773416,11.03.16,07:35:17.773,0,135,181,245, 1, 0, 38, -122
1457710517.863418,11.03.16,07:35:17.863,0,62,201,198, 1, 0, 38, -122
1457710517.983081,11.03.16,07:35:17.983,0,0,119,116, 1, 0, 38, -122
1457710518.083095,11.03.16,07:35:18.083,0,131,151,232, 1, 0, 38, -122
1457710518.163558,11.03.16,07:35:18.164,0,77,170,209, 1, 0, 38, -122
1457710518.283647,11.03.16,07:35:18.284,0,110,92,239, 1, 0, 38, -122
1457710518.373005,11.03.16,07:35:18.373,0,55,202,219, 1, 0, 38, -122
1457710518.470309,11.03.16,07:35:18.470,0,140,175,255, 1, 0, 38, -122
1457710518.583594,11.03.16,07:35:18.584,0,77,185,191, 1, 0, 38, -122
1457710518.673298,11.03.16,07:35:18.673,0,0,135,118, 1, 0, 38, -122
1457710518.763327,11.03.16,07:35:18.763,0,255,256,244, 1, 0, 38, -122
1457710518.913713,11.03.16,07:35:18.914,0,133,188,230, 1, 0, 38, -122
1457710519.002524,11.03.16,07:35:19.003,0,126,141,219, 1, 0, 38, -122
1457710519.079258,11.03.16,07:35:19.079,0,33,244,247, 1, 0, 38, -122
1457710519.213658,11.03.16,07:35:19.214,0,141,176,225, 1, 0, 38, -122
1457710519.279063,11.03.16,07:35:19.279,0,84,168,188, 1, 0, 38, -122
1457710519.393413,11.03.16,07:35:19.393,0,0,149,85, 1, 0, 38, -122
1457710519.483361,11.03.16,07:35:19.483,0,0,256,255, 1, 0, 38, -122
1457710519.573272,11.03.16,07:35:19.573,0,74,122,174, 1, 0, 38, -122
1457710519.724235,11.03.16,07:35:19.724,0,74,131,212, 1, 0, 38, -122
1457710519.930261,11.03.16,07:35:19.930,0,55,176,212, 1, 0, 38, -122
1457710520.341445,11.03.16,07:35:20.341,0,151,192,197, 1, 0, 38, -122
1457710520.544266,11.03.16,07:35:20.544,0,53,179,197, 1, 0, 38, -122
1457710520.598734,11.03.16,07:35:20.599,0,0,140,197, 1, 0, 38, -122
1457710520.611497,11.03.16,07:35:20.611,0,198,1,176, 1, 0, 38, -122
1457710520.624467,11.03.16,07:35:20.624,0,100,175,192, 1, 0, 38, -122
1457710520.637226,11.03.16,07:35:20.637,0,50,131,192, 1, 0, 38, -122
1457710520.645825,11.03.16,07:35:20.646,0,98,163,255, 1, 0, 38, -122
1457710520.699705,11.03.16,07:35:20.700,0,146,163,195, 1, 0, 38, -122
1457710520.710870,11.03.16,07:35:20.711,0,41,186,195, 1, 0, 38, -122
1457710520.776334,11.03.16,07:35:20.776,0,0,131,0, 1, 0, 38, -122
1457710520.894188,11.03.16,07:35:20.894,0,0,256,116, 1, 0, 38, -122
1457710520.985139,11.03.16,07:35:20.985,0,89,168,116, 1, 0, 38, -122
1457710521.109690,11.03.16,07:35:21.110,0,40,148,169, 1, 0, 38, -122
1457710521.193903,11.03.16,07:35:21.194,0,87,193,255, 1, 0, 38, -122
1457710521.308902,11.03.16,07:35:21.309,0,133,159,197, 1, 0, 38, -122
1457710521.501870,11.03.16,07:35:21.502,0,13,167,233, 1, 0, 38, -122
1457710521.619223,11.03.16,07:35:21.619,0,0,154,0, 1, 0, 38, -122
1457710521.761653,11.03.16,07:35:21.762,0,20,141,123, 1, 0, 38, -122
1457710521.774905,11.03.16,07:35:21.775,0,110,129,235, 1, 0, 38, -122
1457710521.820903,11.03.16,07:35:21.821,0,11,160,145, 1, 0, 38, -122
1457710522.006922,11.03.16,07:35:22.007,0,91,251,255, 1, 0, 38, -122
1457710522.127358,11.03.16,07:35:22.127,0,129,167,196, 1, 0, 38, -122
1457710522.310896,11.03.16,07:35:22.311,0,4,167,239, 1, 0, 38, -122
1457710522.390900,11.03.16,07:35:22.391,0,4,186,0, 1, 0, 38, -122
1457710522.396419,11.03.16,07:35:22.396,0,120,164,190, 1, 0, 38, -122
1457710522.434481,11.03.16,07:35:22.434,0,99,147,212, 1, 0, 38, -122
1457710522.508993,11.03.16,07:35:22.509,0,24,178,151, 1, 0, 38, -122
1457710522.576381,11.03.16,07:35:22.576,0,92,243,255, 1, 0, 38, -122
1457710522.693694,11.03.16,07:35:22.694,0,114,182,197, 1, 0, 38, -122
1457710522.785123,11.03.16,07:35:22.785,0,0,182,241, 1, 0, 38, -122
1457710522.873827,11.03.16,07:35:22.874,0,0,154,0, 1, 0, 38, -122
1457710523.021909,11.03.16,07:35:23.022,0,90,142,170, 1, 0, 38, -122
1457710523.107517,11.03.16,07:35:23.108,0,81,158,187, 1, 0, 38, -122
1457710523.173369,11.03.16,07:35:23.173,0,43,212,168, 1, 0, 38, -122
1457710523.293783,11.03.16,07:35:23.294,0,87,255,255, 1, 0, 38, -122
1457710523.385850,11.03.16,07:35:23.386,0,114,172,198, 1, 0, 38, -122
1457710523.472827,11.03.16,07:35:23.473,0,0,164,237, 1, 0, 38, -122
1457710523.593752,11.03.16,07:35:23.594,0,0,183,0, 1, 0, 38, -122
1457710523.685621,11.03.16,07:35:23.686,0,106,132,192, 1, 0, 38, -122
1457710523.773635,11.03.16,07:35:23.774,0,98,164,218, 1, 0, 38, -122
1457710524.077497,11.03.16,07:35:24.077,0,33,192,142, 1, 0, 38, -122
1457710524.128735,11.03.16,07:35:24.129,0,74,233,255, 1, 0, 38, -122
1457710524.316369,11.03.16,07:35:24.316,0,130,177,190, 1, 0, 38, -122
1457710524.326910,11.03.16,07:35:24.327,0,1,169,217, 1, 0, 38, -122
1457710524.341067,11.03.16,07:35:24.341,0,1,169,0, 1, 0, 38, -122
1457710524.427133,11.03.16,07:35:24.427,0,68,141,171, 1, 0, 38, -122
1457710524.495529,11.03.16,07:35:24.496,0,68,166,200, 1, 0, 38, -122
1457710524.611096,11.03.16,07:35:24.611,0,17,166,158, 1, 0, 38, -122
1457710524.677033,11.03.16,07:35:24.677,0,88,222,255, 1, 0, 38, -122
1457710524.834182,11.03.16,07:35:24.834,0,118,173,202, 1, 0, 38, -122
1457710524.892209,11.03.16,07:35:24.892,0,0,187,237, 1, 0, 38, -122
1457710525.000434,11.03.16,07:35:25.000,0,0,161,0, 1, 0, 38, -122
1457710525.122686,11.03.16,07:35:25.123,0,114,147,178, 1, 0, 38, -122
1457710525.183299,11.03.16,07:35:25.183,0,80,159,203, 1, 0, 38, -122
1457710525.338811,11.03.16,07:35:25.339,0,80,253,179, 1, 0, 38, -122
1457710525.392183,11.03.16,07:35:25.392,0,126,215,255, 1, 0, 38, -122
1457710525.483609,11.03.16,07:35:25.484,0,119,168,197, 1, 0, 38, -122
1457710525.572105,11.03.16,07:35:25.572,0,0,208,244, 1, 0, 38, -122
1457710525.785936,11.03.16,07:35:25.786,0,42,208,106, 1, 0, 38, -122
1457710525.858791,11.03.16,07:35:25.859,0,6,122,173, 1, 0, 38, -122
1457710525.900085,11.03.16,07:35:25.900,0,122,122,236, 1, 0, 38, -122
1457710525.992659,11.03.16,07:35:25.993,0,84,256,196, 1, 0, 38, -122
1457710526.125796,11.03.16,07:35:26.126,0,161,174,255, 1, 0, 38, -122
1457710526.172428,11.03.16,07:35:26.172,0,99,174,211, 1, 0, 38, -122
1457710526.321718,11.03.16,07:35:26.322,0,0,113,170, 1, 0, 38, -122
1457710526.390910,11.03.16,07:35:26.391,0,115,113,255, 1, 0, 38, -122
1457710526.472671,11.03.16,07:35:26.473,0,70,138,201, 1, 0, 38, -122
1457710526.593978,11.03.16,07:35:26.594,0,121,111,222, 1, 0, 38, -122
1457710526.683375,11.03.16,07:35:26.683,0,86,242,201, 1, 0, 38, -122
1457710526.772072,11.03.16,07:35:26.772,0,108,195,255, 1, 0, 38, -122
1457710526.891301,11.03.16,07:35:26.891,0,99,166,179, 1, 0, 38, -122
1457710526.983374,11.03.16,07:35:26.983,0,0,203,179, 1, 0, 38, -122
1457710527.072225,11.03.16,07:35:27.072,0,211,81,113, 1, 0, 38, -122
1457710527.193958,11.03.16,07:35:27.194,0,82,178,220, 1, 0, 38, -122
1457710527.283396,11.03.16,07:35:27.283,0,137,142,220, 1, 0, 38, -122
1457710527.373594,11.03.16,07:35:27.374,0,46,221,235, 1, 0, 38, -122
1457710527.493061,11.03.16,07:35:27.493,0,137,187,247, 1, 0, 38, -122
1457710527.595422,11.03.16,07:35:27.595,0,82,166,204, 1, 0, 38, -122
1457710527.678386,11.03.16,07:35:27.678,0,0,166,122, 1, 0, 38, -122
1457710527.793477,11.03.16,07:35:27.793,0,255,256,255, 1, 0, 38, -122
1457710527.883741,11.03.16,07:35:27.884,0,79,124,196, 1, 0, 38, -122
1457710528.003326,11.03.16,07:35:28.003,0,127,138,210, 1, 0, 38, -122
1457710528.091795,11.03.16,07:35:28.092,0,34,186,230, 1, 0, 38, -122
1457710528.183297,11.03.16,07:35:28.183,0,135,170,242, 1, 0, 38, -122
1457710528.273090,11.03.16,07:35:28.273,0,80,182,179, 1, 0, 38, -122
1457710528.393136,11.03.16,07:35:28.393,0,0,149,98, 1, 0, 38, -122
1457710528.483315,11.03.16,07:35:28.483,0,0,256,255, 1, 0, 38, -122
1457710528.571291,11.03.16,07:35:28.571,0,58,113,174, 1, 0, 38, -122
1457710528.691572,11.03.16,07:35:28.692,0,85,152,199, 1, 0, 38, -122
1457710528.783390,11.03.16,07:35:28.783,0,98,163,255, 1, 0, 38, -122
1457710528.902842,11.03.16,07:35:28.903,0,143,196,214, 1, 0, 38, -122
1457710528.991642,11.03.16,07:35:28.992,0,49,190,214, 1, 0, 38, -122
1457710529.083241,11.03.16,07:35:29.083,0,0,163,0, 1, 0, 38, -122
1457710529.203147,11.03.16,07:35:29.203,0,197,1,173, 1, 0, 38, -122
1457710529.357890,11.03.16,07:35:29.358,0,97,156,173, 1, 0, 38, -122
1457710529.396714,11.03.16,07:35:29.397,0,0,165,166, 1, 0, 38, -122
1457710529.503350,11.03.16,07:35:29.503,0,109,195,255, 1, 0, 38, -122
1457710529.592026,11.03.16,07:35:29.592,0,130,165,255, 1, 0, 38, -122
1457710529.683269,11.03.16,07:35:29.683,0,25,183,224, 1, 0, 38, -122
1457710529.802445,11.03.16,07:35:29.802,0,0,148,0, 1, 0, 38, -122
1457710529.891703,11.03.16,07:35:29.892,0,43,256,0, 1, 0, 38, -122
1457710529.983457,11.03.16,07:35:29.983,0,103,157,212, 1, 0, 38, -122
1457710530.133774,11.03.16,07:35:30.134,0,45,195,169, 1, 0, 38, -122
1457710530.198392,11.03.16,07:35:30.198,0,110,244,169, 1, 0, 38, -122
1457710530.283294,11.03.16,07:35:30.283,0,120,170,183, 1, 0, 38, -122
1457710530.403257,11.03.16,07:35:30.403,0,0,192,216, 1, 0, 38, -122
1457710530.491533,11.03.16,07:35:30.492,0,0,166,26, 1, 0, 38, -122
1457710530.583360,11.03.16,07:35:30.583,0,39,127,183, 1, 0, 38, -122
1457710530.703534,11.03.16,07:35:30.704,0,117,119,221, 1, 0, 38, -122
1457710530.791734,11.03.16,07:35:30.792,0,52,207,221, 1, 0, 38, -122
1457710530.883436,11.03.16,07:35:30.883,0,118,192,255, 1, 0, 38, -122
1457710531.002618,11.03.16,07:35:31.003,0,95,169,182, 1, 0, 38, -122
1457710531.092788,11.03.16,07:35:31.093,0,0,176,182, 1, 0, 38, -122
1457710531.254122,11.03.16,07:35:31.254,0,255,207,255, 1, 0, 38, -122
1457710531.302460,11.03.16,07:35:31.302,0,115,185,221, 1, 0, 38, -122
1457710531.393634,11.03.16,07:35:31.394,0,104,141,221, 1, 0, 38, -122
1457710531.483440,11.03.16,07:35:31.483,0,39,208,231, 1, 0, 38, -122
1457710531.603527,11.03.16,07:35:31.604,0,133,177,231, 1, 0, 38, -122
1457710531.693173,11.03.16,07:35:31.693,0,82,177,178, 1, 0, 38, -122
1457710531.783987,11.03.16,07:35:31.784,0,0,103,97, 1, 0, 38, -122
1457710531.903398,11.03.16,07:35:31.903,0,0,1,217, 1, 0, 38, -122
1457710531.992595,11.03.16,07:35:31.993,0,76,151,217, 1, 0, 38, -122
1457710532.083951,11.03.16,07:35:32.084,0,76,161,186, 1, 0, 38, -122
1457710532.233366,11.03.16,07:35:32.233,0,56,231,249, 1, 0, 38, -122
1457710532.298970,11.03.16,07:35:32.299,0,147,197,249, 1, 0, 38, -122
1457710532.383355,11.03.16,07:35:32.383,0,77,178,187, 1, 0, 38, -122
1457710532.503342,11.03.16,07:35:32.503,0,0,142,72, 1, 0, 38, -122
1457710532.592811,11.03.16,07:35:32.593,0,0,256,255, 1, 0, 38, -122
1457710532.684111,11.03.16,07:35:32.684,0,68,140,160, 1, 0, 38, -122
1457710532.802171,11.03.16,07:35:32.802,0,44,105,160, 1, 0, 38, -122
1457710532.893523,11.03.16,07:35:32.894,0,56,248,160, 1, 0, 38, -122
1457710532.990672,11.03.16,07:35:32.991,0,144,185,215, 1, 0, 38, -122
1457710533.117641,11.03.16,07:35:33.118,0,63,179,205, 1, 0, 38, -122
1457710533.195241,11.03.16,07:35:33.195,0,0,161,0, 1, 0, 38, -122
1457710533.283996,11.03.16,07:35:33.284,0,0,1,126, 1, 0, 38, -122
1457710533.403416,11.03.16,07:35:33.403,0,78,167,175, 1, 0, 38, -122
1457710533.491794,11.03.16,07:35:33.492,0,51,150,166, 1, 0, 38, -122
1457710533.584039,11.03.16,07:35:33.584,0,121,160,255, 1, 0, 38, -122
1457710533.704385,11.03.16,07:35:33.704,0,128,179,200, 1, 0, 38, -122
1457710533.791482,11.03.16,07:35:33.791,0,128,192,209, 1, 0, 38, -122
1457710533.883443,11.03.16,07:35:33.883,0,17,145,0, 1, 0, 38, -122
1457710534.003679,11.03.16,07:35:34.004,0,0,145,120, 1, 0, 38, -122
1457710534.092193,11.03.16,07:35:34.092,0,0,256,120, 1, 0, 38, -122
1457710534.213338,11.03.16,07:35:34.213,0,88,160,206, 1, 0, 38, -122
1457710534.303717,11.03.16,07:35:34.304,0,51,202,140, 1, 0, 38, -122
1457710534.391566,11.03.16,07:35:34.392,0,76,220,255, 1, 0, 38, -122
1457710534.483416,11.03.16,07:35:34.483,0,130,173,190, 1, 0, 38, -122
1457710534.602720,11.03.16,07:35:34.603,0,0,173,243, 1, 0, 38, -122
1457710534.752476,11.03.16,07:35:34.752,0,0,149,0, 1, 0, 38, -122
1457710534.793168,11.03.16,07:35:34.793,0,54,149,193, 1, 0, 38, -122
1457710534.903338,11.03.16,07:35:34.903,0,81,159,193, 1, 0, 38, -122
1457710534.992513,11.03.16,07:35:34.993,0,53,215,164, 1, 0, 38, -122
1457710535.097485,11.03.16,07:35:35.097,0,117,246,255, 1, 0, 38, -122
1457710535.202944,11.03.16,07:35:35.203,0,105,179,188, 1, 0, 38, -122
1457710535.291991,11.03.16,07:35:35.292,0,0,194,208, 1, 0, 38, -122
1457710535.383442,11.03.16,07:35:35.383,0,0,160,95, 1, 0, 38, -122
1457710535.503763,11.03.16,07:35:35.504,0,84,160,199, 1, 0, 38, -122
1457710535.591596,11.03.16,07:35:35.592,0,124,135,241, 1, 0, 38, -122
1457710535.683393,11.03.16,07:35:35.683,0,61,163,212, 1, 0, 38, -122
1457710535.803662,11.03.16,07:35:35.804,0,93,198,255, 1, 0, 38, -122
1457710535.891661,11.03.16,07:35:35.892,0,100,165,182, 1, 0, 38, -122
1457710536.014826,11.03.16,07:35:36.015,0,0,204,199, 1, 0, 38, -122
1457710536.132282,11.03.16,07:35:36.132,0,82,133,166, 1, 0, 38, -122
1457710536.201457,11.03.16,07:35:36.201,0,52,163,173, 1, 0, 38, -122
1457710536.313733,11.03.16,07:35:36.314,0,117,142,225, 1, 0, 38, -122
1457710536.403669,11.03.16,07:35:36.404,0,40,235,225, 1, 0, 38, -122
1457710536.492123,11.03.16,07:35:36.492,0,112,185,255, 1, 0, 38, -122
1457710536.614898,11.03.16,07:35:36.615,0,87,164,191, 1, 0, 38, -122
1457710536.703271,11.03.16,07:35:36.703,0,0,79,191, 1, 0, 38, -122
1457710536.793295,11.03.16,07:35:36.793,0,134,1,242, 1, 0, 38, -122
1457710536.913353,11.03.16,07:35:36.913,0,54,138,185, 1, 0, 38, -122
1457710537.003568,11.03.16,07:35:37.004,0,106,132,185, 1, 0, 38, -122
1457710537.092218,11.03.16,07:35:37.092,0,81,230,255, 1, 0, 38, -122
1457710537.213770,11.03.16,07:35:37.214,0,138,160,236, 1, 0, 38, -122
1457710537.303629,11.03.16,07:35:37.304,0,63,188,236, 1, 0, 38, -122
1457710537.392061,11.03.16,07:35:37.392,0,0,176,27, 1, 0, 38, -122
1457710537.513535,11.03.16,07:35:37.514,0,0,1,194, 1, 0, 38, -122
1457710537.603001,11.03.16,07:35:37.603,0,71,141,194, 1, 0, 38, -122
1457710537.691746,11.03.16,07:35:37.692,0,92,133,189, 1, 0, 38, -122
1457710537.813708,11.03.16,07:35:37.814,0,56,224,255, 1, 0, 38, -122
1457710537.901838,11.03.16,07:35:37.902,0,167,182,255, 1, 0, 38, -122
1457710537.991627,11.03.16,07:35:37.992,0,62,173,197, 1, 0, 38, -122
1457710538.113717,11.03.16,07:35:38.114,0,0,158,5, 1, 0, 38, -122
1457710538.208274,11.03.16,07:35:38.208,0,0,1,119, 1, 0, 38, -122
1457710538.292425,11.03.16,07:35:38.292,0,85,160,183, 1, 0, 38, -122
1457710538.413667,11.03.16,07:35:38.414,0,72,128,183, 1, 0, 38, -122
1457710538.503764,11.03.16,07:35:38.504,0,112,166,183, 1, 0, 38, -122
1457710538.592030,11.03.16,07:35:38.592,0,145,166,201, 1, 0, 38, -122
1457710538.713758,11.03.16,07:35:38.714,0,21,174,216, 1, 0, 38, -122
1457710538.802968,11.03.16,07:35:38.803,0,0,133,216, 1, 0, 38, -122
1457710538.922752,11.03.16,07:35:38.923,0,0,252,117, 1, 0, 38, -122
1457710539.026860,11.03.16,07:35:39.027,0,100,158,219, 1, 0, 38, -122
1457710539.103224,11.03.16,07:35:39.103,0,63,212,219, 1, 0, 38, -122
1457710539.191773,11.03.16,07:35:39.192,0,120,229,255, 1, 0, 38, -122
1457710539.313531,11.03.16,07:35:39.314,0,104,182,203, 1, 0, 38, -122
1457710539.403489,11.03.16,07:35:39.403,0,0,190,203, 1, 0, 38, -122
1457710539.492027,11.03.16,07:35:39.492,0,0,190,93, 1, 0, 38, -122
1457710539.613664,11.03.16,07:35:39.614,0,84,154,201, 1, 0, 38, -122
1457710539.703665,11.03.16,07:35:39.704,0,129,116,226, 1, 0, 38, -122
1457710539.791716,11.03.16,07:35:39.792,0,56,207,220, 1, 0, 38, -122
1457710539.913873,11.03.16,07:35:39.914,0,128,170,255, 1, 0, 38, -122
1457710540.011098,11.03.16,07:35:40.011,0,91,170,194, 1, 0, 38, -122
1457710540.142913,11.03.16,07:35:40.143,0,0,139,133, 1, 0, 38, -122
1457710540.214245,11.03.16,07:35:40.214,0,255,256,255, 1, 0, 38, -122
1457710540.302776,11.03.16,07:35:40.303,0,80,161,206, 1, 0, 38, -122
1457710540.423653,11.03.16,07:35:40.424,0,116,140,200, 1, 0, 38, -122
1457710540.513667,11.03.16,07:35:40.514,0,116,256,255, 1, 0, 38, -122
1457710540.603530,11.03.16,07:35:40.604,0,149,199,228, 1, 0, 38, -122
1457710540.691852,11.03.16,07:35:40.692,0,58,186,219, 1, 0, 38, -122
1457710540.813968,11.03.16,07:35:40.814,0,0,186,11, 1, 0, 38, -122
1457710540.903567,11.03.16,07:35:40.904,0,0,237,255, 1, 0, 38, -122
1457710540.992118,11.03.16,07:35:40.992,0,71,137,167, 1, 0, 38, -122
1457710541.113637,11.03.16,07:35:41.114,0,61,137,178, 1, 0, 38, -122
1457710541.203919,11.03.16,07:35:41.204,0,96,169,255, 1, 0, 38, -122
1457710541.292368,11.03.16,07:35:41.292,0,167,175,215, 1, 0, 38, -122
1457710541.413775,11.03.16,07:35:41.414,0,36,200,230, 1, 0, 38, -122
1457710541.533763,11.03.16,07:35:41.534,0,0,132,0, 1, 0, 38, -122
1457710541.606055,11.03.16,07:35:41.606,0,0,195,105, 1, 0, 38, -122
1457710541.712189,11.03.16,07:35:41.712,0,93,169,198, 1, 0, 38, -122
1457710541.871430,11.03.16,07:35:41.871,0,80,148,168, 1, 0, 38, -122
1457710541.922330,11.03.16,07:35:41.922,0,118,176,255, 1, 0, 38, -122
1457710542.013803,11.03.16,07:35:42.014,0,136,167,194, 1, 0, 38, -122
1457710542.103562,11.03.16,07:35:42.104,0,10,177,230, 1, 0, 38, -122
1457710542.191917,11.03.16,07:35:42.192,0,0,177,0, 1, 0, 38, -122
1457710542.313643,11.03.16,07:35:42.314,0,39,211,161, 1, 0, 38, -122
1457710542.404037,11.03.16,07:35:42.404,0,77,170,202, 1, 0, 38, -122
1457710542.491976,11.03.16,07:35:42.492,0,40,149,154, 1, 0, 38, -122
1457710542.613630,11.03.16,07:35:42.614,0,92,249,255, 1, 0, 38, -122
1457710542.702838,11.03.16,07:35:42.703,0,133,176,202, 1, 0, 38, -122
1457710542.793009,11.03.16,07:35:42.793,0,0,176,251, 1, 0, 38, -122
1457710542.914154,11.03.16,07:35:42.914,0,0,143,0, 1, 0, 38, -122
1457710543.004346,11.03.16,07:35:43.004,0,34,143,151, 1, 0, 38, -122
1457710543.123517,11.03.16,07:35:43.124,0,114,156,211, 1, 0, 38, -122
1457710543.213842,11.03.16,07:35:43.214,0,40,179,211, 1, 0, 38, -122
1457710543.333929,11.03.16,07:35:43.334,0,89,246,255, 1, 0, 38, -122
1457710543.421731,11.03.16,07:35:43.422,0,101,171,190, 1, 0, 38, -122
1457710543.512449,11.03.16,07:35:43.512,0,0,197,190, 1, 0, 38, -122
1457710543.629560,11.03.16,07:35:43.630,0,0,73,157, 1, 0, 38, -122
1457710543.723731,11.03.16,07:35:43.724,0,76,175,210, 1, 0, 38, -122
1457710543.814183,11.03.16,07:35:43.814,0,113,110,210, 1, 0, 38, -122
1457710543.904254,11.03.16,07:35:43.904,0,38,207,234, 1, 0, 38, -122
1457710544.028974,11.03.16,07:35:44.029,0,131,172,243, 1, 0, 38, -122
1457710544.113788,11.03.16,07:35:44.114,0,93,172,188, 1, 0, 38, -122
1457710544.204040,11.03.16,07:35:44.204,0,0,139,128, 1, 0, 38, -122
1457710544.323775,11.03.16,07:35:44.324,0,255,256,255, 1, 0, 38, -122
1457710544.413686,11.03.16,07:35:44.414,0,84,136,255, 1, 0, 38, -122
1457710544.503442,11.03.16,07:35:44.503,0,109,157,255, 1, 0, 38, -122
1457710544.653472,11.03.16,07:35:44.653,0,27,207,234, 1, 0, 38, -122
1457710544.722020,11.03.16,07:35:44.722,0,150,186,234, 1, 0, 38, -122
1457710544.803660,11.03.16,07:35:44.804,0,80,178,186, 1, 0, 38, -122
1457710544.923614,11.03.16,07:35:44.924,0,0,99,60, 1, 0, 38, -122
1457710545.014041,11.03.16,07:35:45.014,0,0,196,255, 1, 0, 38, -122
1457710545.103686,11.03.16,07:35:45.104,0,79,138,179, 1, 0, 38, -122
1457710545.222334,11.03.16,07:35:45.222,0,79,146,191, 1, 0, 38, -122
1457710545.314984,11.03.16,07:35:45.315,0,136,234,191, 1, 0, 38, -122
1457710545.403651,11.03.16,07:35:45.404,0,148,169,198, 1, 0, 38, -122
1457710545.553913,11.03.16,07:35:45.554,0,51,143,211, 1, 0, 38, -122
1457710545.641972,11.03.16,07:35:45.642,0,0,173,211, 1, 0, 38, -122
1457710545.712385,11.03.16,07:35:45.712,0,0,256,133, 1, 0, 38, -122
1457710545.823171,11.03.16,07:35:45.823,0,97,171,208, 1, 0, 38, -122
1457710545.913013,11.03.16,07:35:45.913,0,41,171,159, 1, 0, 38, -122
1457710546.008574,11.03.16,07:35:46.009,0,71,236,255, 1, 0, 38, -122
1457710546.124831,11.03.16,07:35:46.125,0,127,176,182, 1, 0, 38, -122
1457710546.213833,11.03.16,07:35:46.214,0,0,163,190, 1, 0, 38, -122
1457710546.303701,11.03.16,07:35:46.304,0,0,184,0, 1, 0, 38, -122
1457710546.424006,11.03.16,07:35:46.424,0,0,35,154, 1, 0, 38, -122
1457710546.513804,11.03.16,07:35:46.514,0,115,116,218, 1, 0, 38, -122
1457710546.603609,11.03.16,07:35:46.604,0,51,224,218, 1, 0, 38, -122
1457710546.724023,11.03.16,07:35:46.724,0,118,187,255, 1, 0, 38, -122
1457710546.813863,11.03.16,07:35:46.814,0,102,169,178, 1, 0, 38, -122
1457710546.904163,11.03.16,07:35:46.904,0,0,192,152, 1, 0, 38, -122
1457710547.049895,11.03.16,07:35:47.050,0,249,235,255, 1, 0, 38, -122
1457710547.113737,11.03.16,07:35:47.114,0,60,144,190, 1, 0, 38, -122
1457710547.204367,11.03.16,07:35:47.204,0,68,160,196, 1, 0, 38, -122
1457710547.324001,11.03.16,07:35:47.324,0,52,221,247, 1, 0, 38, -122
1457710547.413994,11.03.16,07:35:47.414,0,149,200,220, 1, 0, 38, -122
1457710547.503782,11.03.16,07:35:47.504,0,60,180,208, 1, 0, 38, -122
1457710547.624074,11.03.16,07:35:47.624,0,0,154,7, 1, 0, 38, -122
1457710547.773903,11.03.16,07:35:47.774,0,187,54,167, 1, 0, 38, -122
1457710547.812343,11.03.16,07:35:47.812,0,91,173,182, 1, 0, 38, -122
1457710547.923754,11.03.16,07:35:47.924,0,48,138,173, 1, 0, 38, -122
1457710548.013862,11.03.16,07:35:48.014,0,103,181,255, 1, 0, 38, -122
1457710548.101846,11.03.16,07:35:48.102,0,134,167,194, 1, 0, 38, -122
1457710548.224249,11.03.16,07:35:48.224,0,30,185,211, 1, 0, 38, -122
1457710548.313851,11.03.16,07:35:48.314,0,0,149,0, 1, 0, 38, -122
1457710548.403643,11.03.16,07:35:48.404,0,0,214,98, 1, 0, 38, -122
1457710548.522074,11.03.16,07:35:48.522,0,78,161,203, 1, 0, 38, -122
1457710548.644559,11.03.16,07:35:48.645,0,38,161,162, 1, 0, 38, -122
1457710548.708886,11.03.16,07:35:48.709,0,97,234,255, 1, 0, 38, -122
1457710548.824852,11.03.16,07:35:48.825,0,132,173,193, 1, 0, 38, -122
1457710548.945630,11.03.16,07:35:48.946,0,0,185,225, 1, 0, 38, -122
1457710549.003012,11.03.16,07:35:49.003,0,0,159,0, 1, 0, 38, -122
1457710549.122325,11.03.16,07:35:49.122,0,116,124,199, 1, 0, 38, -122
1457710549.214495,11.03.16,07:35:49.214,0,77,181,199, 1, 0, 38, -122
1457710549.334013,11.03.16,07:35:49.334,0,33,181,178, 1, 0, 38, -122
1457710549.423747,11.03.16,07:35:49.424,0,89,252,178, 1, 0, 38, -122
1457710549.514262,11.03.16,07:35:49.514,0,119,170,186, 1, 0, 38, -122
1457710549.634374,11.03.16,07:35:49.634,0,0,193,218, 1, 0, 38, -122
1457710549.722593,11.03.16,07:35:49.723,0,0,64,107, 1, 0, 38, -122
1457710549.813935,11.03.16,07:35:49.814,0,58,133,193, 1, 0, 38, -122
1457710549.903715,11.03.16,07:35:49.904,0,134,113,225, 1, 0, 38, -122
1457710550.034124,11.03.16,07:35:50.034,0,57,237,216, 1, 0, 38, -122
1457710550.113905,11.03.16,07:35:50.114,0,140,185,255, 1, 0, 38, -122
1457710550.234152,11.03.16,07:35:50.234,0,83,176,192, 1, 0, 38, -122
1457710550.324114,11.03.16,07:35:50.324,0,0,125,192, 1, 0, 38, -122
1457710550.413998,11.03.16,07:35:50.414,0,0,1,241, 1, 0, 38, -122
1457710550.532356,11.03.16,07:35:50.532,0,68,127,188, 1, 0, 38, -122
1457710550.624109,11.03.16,07:35:50.624,0,68,144,188, 1, 0, 38, -122
1457710550.774071,11.03.16,07:35:50.774,0,88,213,252, 1, 0, 38, -122
1457710550.840947,11.03.16,07:35:50.841,0,146,192,215, 1, 0, 38, -122
1457710550.922966,11.03.16,07:35:50.923,0,55,181,215, 1, 0, 38, -122
1457710551.014511,11.03.16,07:35:51.015,0,0,196,0, 1, 0, 38, -122
1457710551.132520,11.03.16,07:35:51.133,0,212,5,169, 1, 0, 38, -122
1457710551.223543,11.03.16,07:35:51.224,0,99,158,169, 1, 0, 38, -122
1457710551.314113,11.03.16,07:35:51.314,0,33,171,161, 1, 0, 38, -122
1457710551.434111,11.03.16,07:35:51.434,0,67,186,255, 1, 0, 38, -122
1457710551.523954,11.03.16,07:35:51.524,0,143,160,195, 1, 0, 38, -122
1457710551.614062,11.03.16,07:35:51.614,0,0,148,241, 1, 0, 38, -122
1457710551.734094,11.03.16,07:35:51.734,0,0,183,0, 1, 0, 38, -122
1457710551.883450,11.03.16,07:35:51.883,0,18,89,0, 1, 0, 38, -122
1457710551.924855,11.03.16,07:35:51.925,0,114,124,228, 1, 0, 38, -122
1457710552.034302,11.03.16,07:35:52.034,0,71,199,212, 1, 0, 38, -122
1457710552.123950,11.03.16,07:35:52.124,0,102,237,255, 1, 0, 38, -122
1457710552.213887,11.03.16,07:35:52.214,0,88,178,181, 1, 0, 38, -122
1457710552.333903,11.03.16,07:35:52.334,0,0,198,181, 1, 0, 38, -122
1457710552.424076,11.03.16,07:35:52.424,0,209,247,255, 1, 0, 38, -122
1457710552.513971,11.03.16,07:35:52.514,0,91,162,221, 1, 0, 38, -122
1457710552.634440,11.03.16,07:35:52.634,0,128,144,213, 1, 0, 38, -122
1457710552.721963,11.03.16,07:35:52.722,0,29,194,224, 1, 0, 38, -122
1457710552.820810,11.03.16,07:35:52.821,0,128,158,238, 1, 0, 38, -122
1457710552.934530,11.03.16,07:35:52.935,0,82,165,195, 1, 0, 38, -122
1457710553.028341,11.03.16,07:35:53.028,0,0,144,98, 1, 0, 38, -122
1457710553.144205,11.03.16,07:35:53.144,0,0,1,204, 1, 0, 38, -122
1457710553.234045,11.03.16,07:35:53.234,0,85,138,175, 1, 0, 38, -122
1457710553.323655,11.03.16,07:35:53.324,0,72,148,186, 1, 0, 38, -122
1457710553.414092,11.03.16,07:35:53.414,0,65,256,255, 1, 0, 38, -122
1457710553.534320,11.03.16,07:35:53.534,0,159,196,229, 1, 0, 38, -122
1457710553.622355,11.03.16,07:35:53.622,0,41,185,223, 1, 0, 38, -122
1457710553.714183,11.03.16,07:35:53.714,0,0,147,0, 1, 0, 38, -122
1457710553.834885,11.03.16,07:35:53.835,0,249,132,255, 1, 0, 38, -122
1457710553.922381,11.03.16,07:35:53.922,0,101,166,197, 1, 0, 38, -122
1457710554.012811,11.03.16,07:35:54.013,0,68,127,175, 1, 0, 38, -122
1457710554.145959,11.03.16,07:35:54.146,0,93,127,255, 1, 0, 38, -122
1457710554.224533,11.03.16,07:35:54.225,0,134,167,195, 1, 0, 38, -122
1457710554.314045,11.03.16,07:35:54.314,0,7,177,204, 1, 0, 38, -122
1457710554.434333,11.03.16,07:35:54.434,0,0,168,0, 1, 0, 38, -122
1457710554.522276,11.03.16,07:35:54.522,0,107,158,197, 1, 0, 38, -122
1457710554.644083,11.03.16,07:35:54.644,0,73,166,197, 1, 0, 38, -122
1457710554.733982,11.03.16,07:35:54.734,0,32,145,162, 1, 0, 38, -122
1457710554.823849,11.03.16,07:35:54.824,0,93,214,255, 1, 0, 38, -122
1457710554.914129,11.03.16,07:35:54.914,0,118,180,197, 1, 0, 38, -122
1457710555.034257,11.03.16,07:35:55.034,0,118,180,243, 1, 0, 38, -122
1457710555.123061,11.03.16,07:35:55.123,0,0,180,43, 1, 0, 38, -122
1457710555.214158,11.03.16,07:35:55.214,0,54,135,43, 1, 0, 38, -122
1457710555.335368,11.03.16,07:35:55.335,0,46,128,174, 1, 0, 38, -122
1457710555.453995,11.03.16,07:35:55.454,0,83,178,208, 1, 0, 38, -122
1457710555.519438,11.03.16,07:35:55.519,0,31,211,219, 1, 0, 38, -122
1457710555.634263,11.03.16,07:35:55.634,0,98,229,255, 1, 0, 38, -122
1457710555.722457,11.03.16,07:35:55.722,0,98,165,188, 1, 0, 38, -122
1457710555.813458,11.03.16,07:35:55.813,0,0,165,176, 1, 0, 38, -122
1457710555.934785,11.03.16,07:35:55.935,0,255,256,255, 1, 0, 38, -122
1457710556.022454,11.03.16,07:35:56.022,0,76,137,204, 1, 0, 38, -122
1457710556.113957,11.03.16,07:35:56.114,0,120,137,204, 1, 0, 38, -122
1457710556.234093,11.03.16,07:35:56.234,0,13,219,241, 1, 0, 38, -122
1457710556.324333,11.03.16,07:35:56.324,0,160,176,241, 1, 0, 38, -122
1457710556.414039,11.03.16,07:35:56.414,0,62,176,213, 1, 0, 38, -122
1457710556.534049,11.03.16,07:35:56.534,0,0,147,11, 1, 0, 38, -122
1457710556.623056,11.03.16,07:35:56.623,0,0,256,255, 1, 0, 38, -122
1457710556.714074,11.03.16,07:35:56.714,0,63,122,171, 1, 0, 38, -122
1457710556.833954,11.03.16,07:35:56.834,0,91,144,188, 1, 0, 38, -122
1457710556.924180,11.03.16,07:35:56.924,0,91,237,255, 1, 0, 38, -122
1457710557.013689,11.03.16,07:35:57.014,0,169,183,222, 1, 0, 38, -122
1457710557.132777,11.03.16,07:35:57.133,0,26,183,236, 1, 0, 38, -122
1457710557.222384,11.03.16,07:35:57.222,0,0,123,0, 1, 0, 38, -122
1457710557.313997,11.03.16,07:35:57.314,0,0,256,106, 1, 0, 38, -122
1457710557.434661,11.03.16,07:35:57.435,0,93,167,204, 1, 0, 38, -122
1457710557.524851,11.03.16,07:35:57.525,0,45,161,148, 1, 0, 38, -122
1457710557.645445,11.03.16,07:35:57.645,0,111,245,255, 1, 0, 38, -122
1457710557.734513,11.03.16,07:35:57.735,0,130,168,191, 1, 0, 38, -122
1457710557.822479,11.03.16,07:35:57.822,0,0,168,233, 1, 0, 38, -122
1457710557.943963,11.03.16,07:35:57.944,0,0,191,0, 1, 0, 38, -122
1457710558.035184,11.03.16,07:35:58.035,0,38,132,0, 1, 0, 38, -122
1457710558.123159,11.03.16,07:35:58.123,0,97,169,209, 1, 0, 38, -122
1457710558.274265,11.03.16,07:35:58.274,0,57,256,209, 1, 0, 38, -122
1457710558.338581,11.03.16,07:35:58.339,0,118,200,209, 1, 0, 38, -122
1457710558.424065,11.03.16,07:35:58.424,0,106,172,188, 1, 0, 38, -122
1457710558.544320,11.03.16,07:35:58.544,0,0,197,188, 1, 0, 38, -122
1457710558.633759,11.03.16,07:35:58.634,0,97,150,188, 1, 0, 38, -122
1457710558.723067,11.03.16,07:35:58.723,0,111,192,225, 1, 0, 38, -122
1457710558.843945,11.03.16,07:35:58.844,0,121,147,225, 1, 0, 38, -122
1457710558.994151,11.03.16,07:35:58.994,0,39,208,225, 1, 0, 38, -122
1457710559.033174,11.03.16,07:35:59.033,0,139,176,255, 1, 0, 38, -122
1457710559.144234,11.03.16,07:35:59.144,0,79,169,198, 1, 0, 38, -122
1457710559.235469,11.03.16,07:35:59.235,0,0,137,198, 1, 0, 38, -122
1457710559.323193,11.03.16,07:35:59.323,0,0,256,246, 1, 0, 38, -122
1457710559.444012,11.03.16,07:35:59.444,0,69,127,174, 1, 0, 38, -122
1457710559.535160,11.03.16,07:35:59.535,0,89,127,192, 1, 0, 38, -122
1457710559.622445,11.03.16,07:35:59.622,0,21,244,251, 1, 0, 38, -122
1457710559.744094,11.03.16,07:35:59.744,0,161,185,218, 1, 0, 38, -122
1457710559.841884,11.03.16,07:35:59.842,0,46,170,226, 1, 0, 38, -122
1457710559.924112,11.03.16,07:35:59.924,0,0,170,0, 1, 0, 38, -122
1457710560.074064,11.03.16,07:36:00.074,0,205,1,201, 1, 0, 38, -122
1457710560.145258,11.03.16,07:36:00.145,0,90,159,190, 1, 0, 38, -122
1457710560.224203,11.03.16,07:36:00.224,0,90,135,181, 1, 0, 38, -122
1457710560.344217,11.03.16,07:36:00.344,0,0,166,255, 1, 0, 38, -122
1457710560.433808,11.03.16,07:36:00.434,0,141,185,204, 1, 0, 38, -122
1457710560.523062,11.03.16,07:36:00.523,0,25,175,233, 1, 0, 38, -122
1457710560.643774,11.03.16,07:36:00.644,0,0,141,0, 1, 0, 38, -122
1457710560.734258,11.03.16,07:36:00.734,0,0,228,109, 1, 0, 38, -122
1457710560.884146,11.03.16,07:36:00.884,0,92,161,207, 1, 0, 38, -122
1457710560.950993,11.03.16,07:36:00.951,0,65,161,176, 1, 0, 38, -122
1457710561.033400,11.03.16,07:36:01.033,0,65,189,255, 1, 0, 38, -122
1457710561.125445,11.03.16,07:36:01.125,0,136,166,189, 1, 0, 38, -122
1457710561.244111,11.03.16,07:36:01.244,0,0,159,225, 1, 0, 38, -122
1457710561.334316,11.03.16,07:36:01.334,0,0,191,0, 1, 0, 38, -122
1457710561.423953,11.03.16,07:36:01.424,0,113,153,200, 1, 0, 38, -122
1457710561.544340,11.03.16,07:36:01.544,0,68,170,193, 1, 0, 38, -122
1457710561.634254,11.03.16,07:36:01.634,0,20,146,170, 1, 0, 38, -122
1457710561.734112,11.03.16,07:36:01.734,0,84,218,255, 1, 0, 38, -122
1457710561.844122,11.03.16,07:36:01.844,0,131,163,181, 1, 0, 38, -122
1457710561.935066,11.03.16,07:36:01.935,0,0,191,224, 1, 0, 38, -122
1457710562.054019,11.03.16,07:36:02.054,0,0,229,149, 1, 0, 38, -122
1457710562.144375,11.03.16,07:36:02.144,0,22,116,149, 1, 0, 38, -122
1457710562.234333,11.03.16,07:36:02.234,0,84,157,202, 1, 0, 38, -122
1457710562.353977,11.03.16,07:36:02.354,0,16,208,202, 1, 0, 38, -122
1457710562.451636,11.03.16,07:36:02.452,0,115,196,202, 1, 0, 38, -122
1457710562.564206,11.03.16,07:36:02.564,0,87,174,195, 1, 0, 38, -122
1457710562.654379,11.03.16,07:36:02.654,0,0,174,164, 1, 0, 38, -122
1457710562.744376,11.03.16,07:36:02.744,0,255,256,164, 1, 0, 38, -122
1457710562.862289,11.03.16,07:36:02.862,0,67,153,189, 1, 0, 38, -122
1457710562.958360,11.03.16,07:36:02.958,0,107,153,217, 1, 0, 38, -122
1457710563.044993,11.03.16,07:36:03.045,0,13,244,217, 1, 0, 38, -122
1457710563.135333,11.03.16,07:36:03.135,0,152,176,242, 1, 0, 38, -122
1457710563.254200,11.03.16,07:36:03.254,0,43,176,223, 1, 0, 38, -122
1457710563.345156,11.03.16,07:36:03.345,0,0,144,56, 1, 0, 38, -122
1457710563.435600,11.03.16,07:36:03.436,0,0,1,88, 1, 0, 38, -122
1457710563.554332,11.03.16,07:36:03.554,0,45,136,156, 1, 0, 38, -122
1457710563.645877,11.03.16,07:36:03.646,0,19,126,156, 1, 0, 38, -122
1457710563.734949,11.03.16,07:36:03.735,0,0,158,255, 1, 0, 38, -122
1457710563.854647,11.03.16,07:36:03.855,0,175,170,200, 1, 0, 38, -122
1457710563.944409,11.03.16,07:36:03.944,0,25,152,241, 1, 0, 38, -122
1457710564.034568,11.03.16,07:36:04.035,0,0,146,0, 1, 0, 38, -122
1457710564.154242,11.03.16,07:36:04.154,0,163,146,253, 1, 0, 38, -122
1457710564.244257,11.03.16,07:36:04.244,0,96,146,210, 1, 0, 38, -122
1457710564.334335,11.03.16,07:36:04.334,0,71,183,192, 1, 0, 38, -122
1457710564.454262,11.03.16,07:36:04.454,0,82,256,255, 1, 0, 38, -122
1457710564.574647,11.03.16,07:36:04.575,0,94,170,188, 1, 0, 38, -122
1457710564.642849,11.03.16,07:36:04.643,0,0,206,197, 1, 0, 38, -122
1457710564.754629,11.03.16,07:36:04.755,0,0,147,52, 1, 0, 38, -122
1457710564.843080,11.03.16,07:36:04.843,0,16,109,162, 1, 0, 38, -122
1457710564.934199,11.03.16,07:36:04.934,0,108,115,206, 1, 0, 38, -122
1457710565.052989,11.03.16,07:36:05.053,0,56,208,213, 1, 0, 38, -122
1457710565.144394,11.03.16,07:36:05.144,0,116,192,255, 1, 0, 38, -122
1457710565.234775,11.03.16,07:36:05.235,0,108,165,177, 1, 0, 38, -122
1457710565.354371,11.03.16,07:36:05.354,0,0,180,153, 1, 0, 38, -122
1457710565.504703,11.03.16,07:36:05.505,0,40,17,255, 1, 0, 38, -122
1457710565.542844,11.03.16,07:36:05.543,0,69,138,184, 1, 0, 38, -122
1457710565.654779,11.03.16,07:36:05.655,0,98,164,197, 1, 0, 38, -122
1457710565.744199,11.03.16,07:36:05.744,0,13,211,249, 1, 0, 38, -122
1457710565.834276,11.03.16,07:36:05.834,0,158,182,219, 1, 0, 38, -122
1457710565.954308,11.03.16,07:36:05.954,0,64,171,203, 1, 0, 38, -122
1457710566.044344,11.03.16,07:36:06.044,0,0,142,0, 1, 0, 38, -122
1457710566.134098,11.03.16,07:36:06.134,0,0,256,231, 1, 0, 38, -122
1457710566.254445,11.03.16,07:36:06.254,0,56,116,158, 1, 0, 38, -122
1457710566.342488,11.03.16,07:36:06.342,0,73,145,193, 1, 0, 38, -122
1457710566.437560,11.03.16,07:36:06.438,0,100,235,255, 1, 0, 38, -122
1457710566.553431,11.03.16,07:36:06.553,0,163,178,216, 1, 0, 38, -122
1457710566.642660,11.03.16,07:36:06.643,0,32,187,223, 1, 0, 38, -122
1457710566.734645,11.03.16,07:36:06.735,0,0,162,0, 1, 0, 38, -122
1457710566.853137,11.03.16,07:36:06.853,0,218,1,193, 1, 0, 38, -122
1457710566.944711,11.03.16,07:36:06.945,0,86,142,193, 1, 0, 38, -122
1457710567.034050,11.03.16,07:36:07.034,0,128,160,206, 1, 0, 38, -122
1457710567.184464,11.03.16,07:36:07.184,0,88,219,255, 1, 0, 38, -122
1457710567.249377,11.03.16,07:36:07.249,0,157,171,211, 1, 0, 38, -122
1457710567.364387,11.03.16,07:36:07.364,0,44,180,221, 1, 0, 38, -122
1457710567.454790,11.03.16,07:36:07.455,0,0,152,221, 1, 0, 38, -122
1457710567.544434,11.03.16,07:36:07.544,0,255,172,246, 1, 0, 38, -122
1457710567.664284,11.03.16,07:36:07.664,0,93,161,204, 1, 0, 38, -122
1457710567.754156,11.03.16,07:36:07.754,0,86,131,204, 1, 0, 38, -122
1457710567.872664,11.03.16,07:36:07.873,0,147,256,255, 1, 0, 38, -122
1457710567.964527,11.03.16,07:36:07.965,0,147,184,200, 1, 0, 38, -122
1457710568.084578,11.03.16,07:36:08.085,0,39,184,200, 1, 0, 38, -122
1457710568.152844,11.03.16,07:36:08.153,0,0,155,0, 1, 0, 38, -122
1457710568.264781,11.03.16,07:36:08.265,0,0,229,91, 1, 0, 38, -122
1457710568.354316,11.03.16,07:36:08.354,0,101,156,91, 1, 0, 38, -122
1457710568.442500,11.03.16,07:36:08.443,0,39,124,157, 1, 0, 38, -122
1457710568.565454,11.03.16,07:36:08.565,0,77,252,255, 1, 0, 38, -122
1457710568.652968,11.03.16,07:36:08.653,0,115,172,255, 1, 0, 38, -122
1457710568.768629,11.03.16,07:36:08.769,0,0,172,236, 1, 0, 38, -122
1457710568.864572,11.03.16,07:36:08.865,0,0,190,0, 1, 0, 38, -122
1457710568.953865,11.03.16,07:36:08.954,0,116,175,0, 1, 0, 38, -122
1457710569.044850,11.03.16,07:36:09.045,0,104,137,213, 1, 0, 38, -122
1457710569.164485,11.03.16,07:36:09.164,0,24,146,183, 1, 0, 38, -122
1457710569.254678,11.03.16,07:36:09.255,0,43,235,183, 1, 0, 38, -122
1457710569.344389,11.03.16,07:36:09.344,0,112,198,190, 1, 0, 38, -122
1457710569.464382,11.03.16,07:36:09.464,0,0,177,234, 1, 0, 38, -122
1457710569.554495,11.03.16,07:36:09.554,0,0,157,0, 1, 0, 38, -122
1457710569.644733,11.03.16,07:36:09.645,0,71,138,162, 1, 0, 38, -122
1457710569.764578,11.03.16,07:36:09.765,0,110,138,220, 1, 0, 38, -122
1457710569.884329,11.03.16,07:36:09.884,0,42,204,220, 1, 0, 38, -122
1457710569.954603,11.03.16,07:36:09.955,0,95,248,255, 1, 0, 38, -122
1457710570.066005,11.03.16,07:36:10.066,0,117,183,190, 1, 0, 38, -122
1457710570.154377,11.03.16,07:36:10.154,0,0,169,234, 1, 0, 38, -122
1457710570.244627,11.03.16,07:36:10.245,0,0,148,15, 1, 0, 38, -122
1457710570.365116,11.03.16,07:36:10.365,0,0,118,162, 1, 0, 38, -122
1457710570.454615,11.03.16,07:36:10.455,0,99,150,204, 1, 0, 38, -122
1457710570.545215,11.03.16,07:36:10.545,0,9,171,187, 1, 0, 38, -122
1457710570.664496,11.03.16,07:36:10.664,0,103,227,255, 1, 0, 38, -122
1457710570.755299,11.03.16,07:36:10.755,0,103,159,182, 1, 0, 38, -122
1457710570.845769,11.03.16,07:36:10.846,0,0,172,173, 1, 0, 38, -122
